,Percentage,instcount,condcount,varassign,varstore,uniqload,uniqstore,globalvar,localvar,sameloadtot,samestoretot,sameloadvar,samestorevar,avgsameload,avgsamestore,functioncalls,avgFuncParam,recursiveCall,pointerAlloc,varUsed,varAssign,maxCallDepth,minCallDepth,avgCallDepth,arrayVars,arrayStore,arrayLoad,maxArraySize,minArraySize,floatTy,intTy,floatTyArith,intTyArith,intTyLog,basicBlocks,nullComp,loopCount,avgLoopDepth,avgLoopExits,loopHighInstCnt,avgBBLoops,condTrueLoops,eqCmp,tryBlock,catchBlock,avgPred,avgSucc,sideEnt
0,0.0,91,2,27,12,14,12,0,27,13,0,9,0,0.9285709999999999,0.0,13,2.92308,0,14,0.933333,0.8,1,1,1.0,10,0,1,-1,10000000000,2,12,0,0,2,3,0,0,0.0,0,0,0.0,0,1,0,0,1.33333,0,2
1,0.0,97,2,30,12,14,12,0,30,16,0,9,0,1.14286,0.0,14,2.92857,0,14,0.933333,0.8,1,1,1.0,11,0,1,-1,10000000000,2,14,0,0,2,4,0,0,0.0,0,0,0.0,0,2,0,0,1.25,0,2
2,100.0,85,1,25,12,12,12,0,25,13,0,9,0,1.08333,0.0,12,3.0,0,14,0.8,0.8,1,1,1.0,9,0,0,-1,10000000000,2,10,0,0,1,2,0,0,0.0,0,0,0.0,0,2,0,0,1.5,0,2
3,99.805,59,2,13,16,7,15,0,13,6,1,3,1,0.857143,0.0666667,0,0.0,0,12,0.388889,0.833333,0,0,0.0,2,1,0,-1,10000000000,5,15,2,1,2,6,0,2,1.5,1,0,30.5,0,2,0,0,1.16667,0,2
4,0.0974658,43,2,7,15,6,14,0,7,1,1,1,1,0.166667,0.07142860000000001,0,0.0,0,12,0.333333,0.777778,0,0,0.0,0,0,0,0,0,0,8,0,1,2,6,0,2,1.5,1,0,30.5,0,2,0,0,1.16667,0,2
5,0.0973707,66,3,15,17,8,15,0,15,7,2,3,2,0.875,0.13333299999999998,0,0.0,0,12,0.44444399999999995,0.833333,0,0,0.0,2,1,0,-1,10000000000,5,19,2,2,3,8,0,3,1.66667,1,0,33.0,0,2,0,0,1.25,0,3
6,9.508860000000001e-05,49,3,9,16,7,14,0,9,2,2,1,1,0.28571399999999997,0.14285699999999998,0,0.0,0,12,0.388889,0.777778,0,0,0.0,0,0,0,0,0,0,11,0,1,3,8,0,3,1.66667,1,0,33.0,0,2,0,0,1.25,0,3
7,9.49958e-05,72,4,17,18,9,15,0,17,8,3,3,2,0.8888889999999999,0.2,0,0.0,0,12,0.5,0.833333,0,0,0.0,2,1,0,-1,10000000000,5,22,2,2,4,10,0,4,1.75,1,0,34.0,0,2,0,0,1.3,0,4
8,9.27693e-08,55,4,11,17,8,14,0,11,3,3,1,1,0.375,0.214286,0,0.0,0,12,0.44444399999999995,0.777778,0,0,0.0,0,0,0,0,0,0,14,0,1,4,10,0,4,1.75,1,0,34.0,0,2,0,0,1.3,0,4
9,9.26788e-08,78,5,19,19,8,15,0,19,11,4,5,2,1.375,0.266667,0,0.0,0,12,0.44444399999999995,0.833333,0,0,0.0,2,1,0,-1,10000000000,5,25,2,2,5,12,0,5,1.8,1,0,34.6,0,2,0,0,1.33333,0,5
10,9.05067e-11,61,5,13,18,7,14,0,13,6,4,3,1,0.857143,0.28571399999999997,0,0.0,0,12,0.388889,0.777778,0,0,0.0,0,0,0,0,0,0,17,0,1,5,12,0,5,1.8,1,0,34.6,0,2,0,0,1.33333,0,5
11,9.05951e-11,51,4,10,16,6,13,0,10,4,3,2,1,0.666667,0.230769,0,0.0,0,12,0.333333,0.722222,0,0,0.0,0,0,0,0,0,0,12,0,0,4,9,0,4,2.0,1,0,36.75,0,2,0,0,1.33333,0,4
12,99.7076,85,3,23,17,13,16,0,23,10,1,4,1,0.769231,0.0625,0,0.0,0,14,0.590909,0.727273,0,0,0.0,8,2,3,-1,10000000000,7,27,3,1,3,8,0,3,2.0,1,0,54.3333,0,2,0,0,1.25,0,3
13,0.0973707,56,3,10,16,7,15,0,10,3,1,2,1,0.428571,0.0666667,0,0.0,0,14,0.318182,0.681818,0,0,0.0,2,1,0,-1,10000000000,0,15,0,1,3,8,0,3,2.0,1,0,54.3333,0,2,0,0,1.25,0,3
14,0.0974658,42,2,5,14,4,13,0,5,1,1,1,1,0.25,0.07692310000000001,0,0.0,0,14,0.181818,0.590909,0,0,0.0,0,0,0,0,0,0,8,0,1,2,6,0,2,2.5,1,0,62.5,0,2,0,0,1.16667,0,2
15,0.09727569999999999,92,4,26,18,14,16,0,26,12,2,5,2,0.857143,0.125,0,0.0,0,14,0.636364,0.727273,0,0,0.0,8,2,4,-1,10000000000,8,30,3,1,4,10,0,4,2.25,1,0,57.75,0,2,0,0,1.3,0,4
16,9.49958e-05,65,4,14,17,9,15,0,14,5,2,3,2,0.555556,0.13333299999999998,0,0.0,0,14,0.409091,0.681818,0,0,0.0,2,1,1,-1,10000000000,3,18,1,1,4,10,0,4,2.25,1,0,57.75,0,2,0,0,1.3,0,4
17,9.508860000000001e-05,48,3,7,15,4,13,0,7,3,2,2,1,0.75,0.153846,0,0.0,0,14,0.181818,0.590909,0,0,0.0,0,0,0,0,0,0,11,0,1,3,8,0,3,2.66667,1,0,65.0,0,2,0,0,1.25,0,3
18,9.51814e-05,38,2,4,13,2,12,0,4,2,1,2,1,1.0,0.08333330000000001,0,0.0,0,14,0.0909091,0.545455,0,0,0.0,0,0,0,0,0,0,6,0,0,2,5,0,2,3.0,1,0,68.5,0,2,0,0,1.2,0,2
19,0.0,109,2,31,15,15,15,0,31,16,0,12,0,1.06667,0.0,17,2.5882400000000003,0,15,0.9375,0.9375,1,1,1.0,12,0,1,-1,10000000000,0,14,0,0,2,3,0,0,0.0,0,0,0.0,0,1,0,0,1.33333,0,2
20,0.0,115,2,34,15,15,15,0,34,19,0,12,0,1.26667,0.0,18,2.61111,0,15,0.9375,0.9375,1,1,1.0,13,0,1,-1,10000000000,0,16,0,0,2,4,0,0,0.0,0,0,0.0,0,2,0,0,1.25,0,2
21,100.0,103,1,29,15,13,15,0,29,16,0,12,0,1.2307700000000001,0.0,16,2.625,0,15,0.8125,0.9375,1,1,1.0,11,0,0,-1,10000000000,0,12,0,0,1,2,0,0,0.0,0,0,0.0,0,2,0,0,1.5,0,2
22,99.805,53,2,11,13,5,12,0,11,6,1,3,1,1.2,0.08333330000000001,0,0.0,0,11,0.333333,0.8,0,0,0.0,2,1,0,-1,10000000000,5,15,2,1,2,6,0,2,1.5,1,0,30.5,0,2,0,0,1.16667,0,2
23,0.0974658,37,2,5,12,4,11,0,5,1,1,1,1,0.25,0.0909091,0,0.0,0,11,0.266667,0.733333,0,0,0.0,0,0,0,0,0,0,8,0,1,2,6,0,2,1.5,1,0,30.5,0,2,0,0,1.16667,0,2
24,0.0973707,60,3,13,14,6,12,0,13,7,2,3,2,1.16667,0.166667,0,0.0,0,11,0.4,0.8,0,0,0.0,2,1,0,-1,10000000000,5,19,2,2,3,8,0,3,1.66667,1,0,33.0,0,2,0,0,1.25,0,3
25,9.508860000000001e-05,43,3,7,13,5,11,0,7,2,2,1,1,0.4,0.181818,0,0.0,0,11,0.333333,0.733333,0,0,0.0,0,0,0,0,0,0,11,0,1,3,8,0,3,1.66667,1,0,33.0,0,2,0,0,1.25,0,3
26,9.49958e-05,66,4,15,15,8,12,0,15,7,3,2,2,0.875,0.25,0,0.0,0,11,0.533333,0.8,0,0,0.0,2,1,0,-1,10000000000,5,22,2,2,4,10,0,4,1.75,1,0,34.0,0,2,0,0,1.3,0,4
27,9.27693e-08,49,4,9,14,6,11,0,9,3,3,1,1,0.5,0.272727,0,0.0,0,11,0.4,0.733333,0,0,0.0,0,0,0,0,0,0,14,0,1,4,10,0,4,1.75,1,0,34.0,0,2,0,0,1.3,0,4
28,9.26788e-08,72,5,17,16,8,12,0,17,9,4,3,2,1.125,0.333333,0,0.0,0,11,0.533333,0.8,0,0,0.0,2,1,0,-1,10000000000,5,25,2,2,5,12,0,5,1.8,1,0,34.6,0,2,0,0,1.33333,0,5
29,9.05067e-11,55,5,11,15,7,11,0,11,4,4,1,1,0.571429,0.363636,0,0.0,0,11,0.466667,0.733333,0,0,0.0,0,0,0,0,0,0,17,0,1,5,12,0,5,1.8,1,0,34.6,0,2,0,0,1.33333,0,5
30,9.05951e-11,45,4,8,13,5,10,0,8,3,3,1,1,0.6,0.3,0,0.0,0,11,0.333333,0.666667,0,0,0.0,0,0,0,0,0,0,12,0,0,4,9,0,4,2.0,1,0,36.75,0,2,0,0,1.33333,0,4
31,99.7076,85,3,22,18,12,17,0,22,10,1,4,1,0.833333,0.0588235,0,0.0,0,15,0.44444399999999995,0.62963,0,0,0.0,8,2,3,-1,10000000000,5,27,2,1,3,8,0,3,2.0,1,0,52.3333,0,2,0,0,1.25,0,3
32,0.0973707,58,3,10,17,7,16,0,10,3,1,2,1,0.428571,0.0625,0,0.0,0,15,0.259259,0.592593,0,0,0.0,2,1,0,-1,10000000000,0,15,0,1,3,8,0,3,2.0,1,0,52.3333,0,2,0,0,1.25,0,3
33,0.0974658,44,2,5,15,4,14,0,5,1,1,1,1,0.25,0.07142860000000001,0,0.0,0,15,0.148148,0.518519,0,0,0.0,0,0,0,0,0,0,8,0,1,2,6,0,2,2.5,1,0,60.5,0,2,0,0,1.16667,0,2
34,0.09727569999999999,91,4,24,19,13,17,0,24,11,2,4,2,0.8461540000000001,0.117647,0,0.0,0,15,0.48148100000000005,0.62963,0,0,0.0,8,2,3,-1,10000000000,5,30,2,1,4,10,0,4,2.25,1,0,55.75,0,2,0,0,1.3,0,4
35,9.49958e-05,64,4,12,18,8,16,0,12,4,2,2,2,0.5,0.125,0,0.0,0,15,0.296296,0.592593,0,0,0.0,2,1,0,-1,10000000000,0,18,0,1,4,10,0,4,2.25,1,0,55.75,0,2,0,0,1.3,0,4
36,9.508860000000001e-05,50,3,7,16,5,14,0,7,2,2,1,1,0.4,0.14285699999999998,0,0.0,0,15,0.185185,0.518519,0,0,0.0,0,0,0,0,0,0,11,0,1,3,8,0,3,2.66667,1,0,62.3333,0,2,0,0,1.25,0,3
37,9.490309999999999e-05,97,5,26,20,12,17,0,26,14,3,6,2,1.16667,0.17647100000000002,0,0.0,0,15,0.44444399999999995,0.62963,0,0,0.0,8,2,3,-1,10000000000,5,33,2,1,5,12,0,5,2.4,1,0,57.8,0,2,0,0,1.33333,0,5
38,9.26788e-08,70,5,14,19,7,16,0,14,7,3,4,2,1.0,0.1875,0,0.0,0,15,0.259259,0.592593,0,0,0.0,2,1,0,-1,10000000000,0,21,0,1,5,12,0,5,2.4,1,0,57.8,0,2,0,0,1.33333,0,5
39,9.27693e-08,56,4,9,17,5,14,0,9,4,3,2,1,0.8,0.214286,0,0.0,0,15,0.185185,0.518519,0,0,0.0,0,0,0,0,0,0,14,0,1,4,10,0,4,2.75,1,0,63.25,0,2,0,0,1.3,0,4
40,9.28599e-08,46,3,6,15,3,13,0,6,3,2,2,1,1.0,0.153846,0,0.0,0,15,0.11111099999999999,0.48148100000000005,0,0,0.0,0,0,0,0,0,0,9,0,0,3,7,0,3,3.0,1,0,66.0,0,2,0,0,1.2857100000000001,0,3
41,0.0,58,2,15,8,8,8,0,15,7,0,4,0,0.875,0.0,9,2.22222,0,8,0.8888889999999999,0.8888889999999999,1,1,1.0,7,0,1,-1,10000000000,0,7,0,0,2,3,0,0,0.0,0,0,0.0,0,1,0,0,1.33333,0,2
42,0.0,63,2,17,8,8,8,0,17,9,0,4,0,1.125,0.0,10,2.2,0,8,0.8888889999999999,0.8888889999999999,1,1,1.0,8,0,1,-1,10000000000,0,8,0,0,2,4,0,0,0.0,0,0,0.0,0,2,0,0,1.25,0,2
43,100.0,52,1,13,8,6,8,0,13,7,0,4,0,1.16667,0.0,8,2.25,0,8,0.666667,0.8888889999999999,1,1,1.0,6,0,0,-1,10000000000,0,5,0,0,1,2,0,0,0.0,0,0,0.0,0,2,0,0,1.5,0,2
44,99.805,81,2,23,10,6,9,0,23,17,1,3,1,2.83333,0.11111099999999999,0,0.0,0,6,0.666667,1.0,0,0,0.0,6,3,0,-1,10000000000,18,32,9,4,2,6,0,2,1.5,1,0,68.5,0,2,0,0,1.16667,0,2
45,0.0974658,27,2,5,7,3,6,0,5,2,1,2,1,0.666667,0.166667,0,0.0,0,6,0.333333,0.666667,0,0,0.0,0,0,0,0,0,0,8,0,1,2,6,0,2,1.5,1,0,68.5,0,2,0,0,1.16667,0,2
46,0.097561,17,1,2,5,2,5,0,2,0,0,0,0,0.0,0.0,0,0.0,0,6,0.22222199999999998,0.555556,0,0,0.0,0,0,0,0,0,0,3,0,0,1,3,0,1,2.0,1,0,74.0,0,2,0,0,1.0,0,1
47,97.8479,125,3,45,11,16,10,0,45,29,1,6,1,1.8125,0.1,0,0.0,0,8,0.363636,0.227273,0,0,0.0,20,2,8,-1,10000000000,14,54,6,4,3,8,0,3,2.0,1,1,226.333,0,2,0,0,1.25,0,3
48,0.095648,36,3,7,9,5,8,0,7,2,1,2,1,0.4,0.125,0,0.0,0,8,0.11363599999999999,0.181818,0,0,0.0,0,0,0,0,0,0,11,0,1,3,8,0,3,2.0,1,1,226.333,0,2,0,0,1.25,0,3
49,0.0955547,64,3,18,10,8,8,0,18,10,2,3,1,1.25,0.25,0,0.0,0,8,0.181818,0.181818,0,0,0.0,6,1,2,-1,10000000000,3,26,1,4,3,8,0,3,2.0,1,1,206.0,0,2,0,0,1.25,0,3
50,9.313299999999999e-05,108,5,35,12,12,9,0,35,23,3,4,2,1.91667,0.333333,0,0.0,0,8,0.272727,0.204545,0,0,0.0,10,1,4,-1,10000000000,7,54,3,13,5,12,0,5,1.8,1,1,153.4,0,2,0,0,1.33333,0,5
51,9.112810000000001e-08,49,5,11,11,5,8,0,11,6,3,2,1,1.2,0.375,0,0.0,0,8,0.11363599999999999,0.181818,0,0,0.0,0,0,0,0,0,0,18,0,2,5,12,0,5,1.8,1,1,153.4,0,2,0,0,1.33333,0,5
52,9.08615e-08,143,6,51,14,16,10,0,51,35,4,6,2,2.1875,0.4,0,0.0,0,8,0.363636,0.227273,0,0,0.0,20,2,8,-1,10000000000,14,63,6,4,6,14,0,6,1.83333,1,1,150.833,0,2,0,0,1.35714,0,6
53,8.873200000000002e-11,54,6,13,12,5,8,0,13,8,4,2,1,1.6,0.5,0,0.0,0,8,0.11363599999999999,0.181818,0,0,0.0,0,0,0,0,0,0,20,0,1,6,14,0,6,1.83333,1,1,150.833,0,2,0,0,1.35714,0,6
54,8.88187e-11,82,6,24,13,9,9,0,24,15,4,4,2,1.66667,0.44444399999999995,0,0.0,0,8,0.204545,0.204545,0,0,0.0,6,1,2,-1,10000000000,3,35,1,4,6,14,0,6,1.83333,1,1,140.667,0,2,0,0,1.35714,0,6
55,8.65677e-14,125,8,41,15,12,9,0,41,29,6,4,2,2.41667,0.666667,0,0.0,0,8,0.272727,0.204545,0,0,0.0,10,1,4,-1,10000000000,7,62,3,12,8,18,0,8,1.75,1,1,123.75,0,2,0,0,1.38889,0,8
56,8.453870000000001e-17,67,8,17,14,5,8,0,17,12,6,3,2,2.4,0.75,0,0.0,0,8,0.11363599999999999,0.181818,0,0,0.0,0,0,0,0,0,0,27,0,2,8,18,0,8,1.75,1,1,123.75,0,2,0,0,1.38889,0,8
57,8.478690000000001e-17,61,7,15,13,5,8,0,15,10,5,3,2,2.0,0.625,0,0.0,0,8,0.11363599999999999,0.181818,0,0,0.0,0,0,0,0,0,0,24,0,2,7,16,0,7,1.8571400000000002,1,1,131.857,0,2,0,0,1.375,0,7
58,1.96078,20,1,2,6,2,6,0,2,0,0,0,0,0.0,0.0,0,0.0,0,8,0.0454545,0.136364,0,0,0.0,0,0,0,0,0,0,3,0,0,1,3,0,1,3.0,1,1,472.0,0,2,0,0,1.0,0,1
59,0.0,66,2,17,9,9,9,0,17,8,0,6,0,0.8888889999999999,0.0,11,2.18182,0,9,0.9,0.9,1,1,1.0,7,0,1,-1,10000000000,0,8,0,0,2,3,0,0,0.0,0,0,0.0,0,1,0,0,1.33333,0,2
60,0.0,71,2,19,9,9,9,0,19,10,0,6,0,1.11111,0.0,12,2.16667,0,9,0.9,0.9,1,1,1.0,8,0,1,-1,10000000000,0,9,0,0,2,4,0,0,0.0,0,0,0.0,0,2,0,0,1.25,0,2
61,100.0,60,1,15,9,7,9,0,15,8,0,6,0,1.14286,0.0,10,2.2,0,9,0.7,0.9,1,1,1.0,6,0,0,-1,10000000000,0,6,0,0,1,2,0,0,0.0,0,0,0.0,0,2,0,0,1.5,0,2
62,99.975,29,1,6,7,3,6,0,6,3,1,1,1,1.0,0.166667,0,0.0,0,6,0.375,0.75,0,0,0.0,1,1,0,-1,10000000000,2,8,1,1,1,4,0,1,1.0,1,0,17.0,0,2,0,0,1.0,0,1
63,0.024981299999999998,50,3,13,9,5,7,0,13,8,2,4,2,1.6,0.28571399999999997,0,0.0,0,6,0.625,0.875,0,0,0.0,2,1,0,-1,10000000000,5,19,2,2,3,8,0,3,1.33333,1,0,26.6667,0,2,0,0,1.25,0,3
64,6.245309999999999e-06,33,3,7,8,4,6,0,7,3,2,2,1,0.75,0.333333,0,0.0,0,6,0.5,0.75,0,0,0.0,0,0,0,0,0,0,11,0,1,3,8,0,3,1.33333,1,0,26.6667,0,2,0,0,1.25,0,3
65,6.24688e-06,23,2,4,6,3,5,0,4,1,1,1,1,0.333333,0.2,0,0.0,0,6,0.375,0.625,0,0,0.0,0,0,0,0,0,0,6,0,0,2,5,0,2,1.5,1,0,27.0,0,2,0,0,1.2,0,2
66,99.975,30,1,5,9,3,8,0,5,2,1,1,1,0.666667,0.125,0,0.0,0,8,0.166667,0.44444399999999995,0,0,0.0,1,1,0,-1,10000000000,0,7,0,1,1,4,0,1,1.0,1,0,14.0,0,2,0,0,1.0,0,1
67,0.024981299999999998,67,3,21,12,10,10,0,21,11,2,4,2,1.1,0.2,0,0.0,0,8,0.555556,0.555556,0,0,0.0,6,2,3,-1,10000000000,5,23,2,1,3,8,0,3,1.33333,1,0,44.6667,0,2,0,0,1.25,0,3
68,6.24375e-06,73,4,23,13,10,10,0,23,13,3,5,2,1.3,0.3,0,0.0,0,8,0.555556,0.555556,0,0,0.0,6,2,3,-1,10000000000,5,26,2,1,4,10,0,4,1.25,1,0,42.0,0,2,0,0,1.3,0,4
69,1.5609400000000002e-09,48,4,11,12,5,9,0,11,6,3,3,2,1.2,0.333333,0,0.0,0,8,0.277778,0.5,0,0,0.0,1,1,0,-1,10000000000,0,16,0,1,4,10,0,4,1.25,1,0,42.0,0,2,0,0,1.3,0,4
70,6.24688e-06,27,2,4,8,3,7,0,4,1,1,1,1,0.333333,0.14285699999999998,0,0.0,0,8,0.166667,0.388889,0,0,0.0,0,0,0,0,0,0,6,0,0,2,5,0,2,1.5,1,0,50.0,0,2,0,0,1.2,0,2
71,0.0,77,2,20,10,10,10,0,20,10,0,7,0,1.0,0.0,13,2.23077,0,10,0.909091,0.909091,1,1,1.0,9,0,1,-1,10000000000,0,8,0,0,2,3,0,0,0.0,0,0,0.0,0,1,0,0,1.33333,0,2
72,0.0,85,2,24,10,10,10,0,24,14,0,7,0,1.4,0.0,14,2.3571400000000002,0,10,0.909091,0.909091,1,1,1.0,11,0,1,-1,10000000000,0,10,0,0,2,4,0,0,0.0,0,0,0.0,0,2,0,0,1.25,0,2
73,100.0,71,1,18,10,8,10,0,18,10,0,7,0,1.25,0.0,12,2.25,0,10,0.727273,0.909091,1,1,1.0,8,0,0,-1,10000000000,0,6,0,0,1,2,0,0,0.0,0,0,0.0,0,2,0,0,1.5,0,2
74,99.975,31,1,6,8,3,7,0,6,3,1,1,1,1.0,0.14285699999999998,0,0.0,0,7,0.3,0.7,0,0,0.0,1,1,0,-1,10000000000,2,8,1,1,1,4,0,1,1.0,1,0,17.0,0,2,0,0,1.0,0,1
75,0.024981299999999998,60,3,16,11,6,9,0,16,10,2,4,2,1.66667,0.22222199999999998,0,0.0,0,7,0.6,0.9,0,0,0.0,3,2,0,-1,10000000000,7,22,3,2,3,8,0,3,1.33333,1,0,29.3333,0,2,0,0,1.25,0,3
76,6.245309999999999e-06,43,3,10,10,5,8,0,10,5,2,2,1,1.0,0.25,0,0.0,0,7,0.5,0.8,0,0,0.0,1,1,0,-1,10000000000,2,14,1,1,3,8,0,3,1.33333,1,0,29.3333,0,2,0,0,1.25,0,3
77,6.24688e-06,25,2,4,7,3,6,0,4,1,1,1,1,0.333333,0.166667,0,0.0,0,7,0.3,0.6,0,0,0.0,0,0,0,0,0,0,6,0,0,2,5,0,2,1.5,1,0,31.0,0,2,0,0,1.2,0,2
78,99.975,32,1,5,10,3,9,0,5,2,1,1,1,0.666667,0.11111099999999999,0,0.0,0,9,0.157895,0.473684,0,0,0.0,1,1,0,-1,10000000000,0,7,0,1,1,4,0,1,1.0,1,0,14.0,0,2,0,0,1.0,0,1
79,0.024981299999999998,94,3,33,14,15,12,0,33,18,2,6,2,1.2,0.166667,0,0.0,0,9,0.789474,0.631579,0,0,0.0,11,3,6,-1,10000000000,10,33,4,1,3,8,0,3,1.33333,1,0,49.3333,0,2,0,0,1.25,0,3
80,6.245309999999999e-06,44,3,9,12,5,10,0,9,4,2,2,1,0.8,0.2,0,0.0,0,9,0.263158,0.526316,0,0,0.0,1,1,0,-1,10000000000,0,13,0,1,3,8,0,3,1.33333,1,0,49.3333,0,2,0,0,1.25,0,3
81,6.24688e-06,29,2,4,9,3,8,0,4,1,1,1,1,0.333333,0.125,0,0.0,0,9,0.157895,0.42105299999999996,0,0,0.0,0,0,0,0,0,0,6,0,0,2,5,0,2,1.5,1,0,44.5,0,2,0,0,1.2,0,2
82,0.0,44,2,11,6,6,6,0,11,5,0,3,0,0.833333,0.0,7,2.0,0,6,0.857143,0.857143,2,1,1.14286,5,0,1,-1,10000000000,0,6,0,0,2,3,0,0,0.0,0,0,0.0,0,1,0,0,1.33333,0,2
83,0.0,49,2,13,6,6,6,0,13,7,0,3,0,1.16667,0.0,8,2.0,0,6,0.857143,0.857143,2,1,1.125,6,0,1,-1,10000000000,0,7,0,0,2,4,0,0,0.0,0,0,0.0,0,2,0,0,1.25,0,2
84,100.0,38,1,9,6,4,6,0,9,5,0,3,0,1.25,0.0,6,2.0,0,6,0.571429,0.857143,2,1,1.16667,4,0,0,-1,10000000000,0,4,0,0,1,2,0,0,0.0,0,0,0.0,0,2,0,0,1.5,0,2
85,99.805,44,2,12,8,5,7,0,12,7,1,3,1,1.4,0.14285699999999998,0,0.0,0,5,0.714286,1.0,0,0,0.0,3,2,0,-1,10000000000,4,16,2,1,2,6,0,2,1.5,1,0,29.5,0,2,0,0,1.16667,0,2
86,0.0974658,33,2,8,7,4,6,0,8,4,1,2,1,1.0,0.166667,0,0.0,0,5,0.571429,0.857143,0,0,0.0,1,1,0,-1,10000000000,2,11,1,1,2,6,0,2,1.5,1,0,29.5,0,2,0,0,1.16667,0,2
87,0.097561,15,1,2,4,2,4,0,2,0,0,0,0,0.0,0.0,0,0.0,0,5,0.28571399999999997,0.571429,0,0,0.0,0,0,0,0,0,0,3,0,0,1,3,0,1,2.0,1,0,39.0,0,2,0,0,1.0,0,1
88,99.7075,57,2,18,8,8,6,0,18,10,2,3,2,1.25,0.333333,0,0.0,0,7,0.5,0.375,0,0,0.0,6,0,3,-1,10000000000,6,21,2,2,2,6,0,2,2.0,1,0,78.5,0,2,0,0,1.16667,0,2
89,0.193982,89,4,30,12,11,8,0,30,19,4,6,3,1.72727,0.5,1,1.0,0,7,0.6875,0.5,1,1,1.0,9,1,4,-1,10000000000,10,36,3,4,4,10,0,4,1.75,1,0,63.0,0,2,0,0,1.3,0,4
90,0.000569418,84,4,28,12,10,9,0,28,18,3,6,2,1.8,0.333333,1,1.0,0,7,0.625,0.5625,1,1,1.0,8,2,3,-1,10000000000,8,34,2,4,4,10,0,4,1.75,1,0,63.0,0,2,0,0,1.3,0,4
91,0.000380354,53,3,15,9,7,7,0,15,8,2,3,2,1.14286,0.28571399999999997,1,1.0,0,7,0.4375,0.4375,1,1,1.0,3,1,1,-1,10000000000,4,20,1,3,3,8,0,3,2.0,1,0,74.0,0,2,0,0,1.25,0,3
92,0.097561,17,1,2,4,2,4,0,2,0,0,0,0,0.0,0.0,0,0.0,0,7,0.125,0.25,0,0,0.0,0,0,0,0,0,0,3,0,0,1,3,0,1,3.0,1,0,127.0,0,2,0,0,1.0,0,1
93,0.0,66,2,17,9,10,9,0,17,7,0,6,0,0.7,0.0,11,2.27273,0,10,0.909091,0.818182,2,1,1.09091,6,0,1,-1,10000000000,1,8,0,0,2,3,0,0,0.0,0,0,0.0,0,1,0,0,1.33333,0,2
94,0.0,71,2,19,9,10,9,0,19,9,0,6,0,0.9,0.0,12,2.25,0,10,0.909091,0.818182,2,1,1.08333,7,0,1,-1,10000000000,1,9,0,0,2,4,0,0,0.0,0,0,0.0,0,2,0,0,1.25,0,2
95,100.0,60,1,15,9,8,9,0,15,7,0,6,0,0.875,0.0,10,2.3,0,10,0.727273,0.818182,2,1,1.1,5,0,0,-1,10000000000,1,6,0,0,1,2,0,0,0.0,0,0,0.0,0,2,0,0,1.5,0,2
96,99.8003,43,2,11,9,6,8,0,11,5,1,2,1,0.833333,0.125,0,0.0,0,6,0.75,1.0,0,0,0.0,2,1,0,-1,10000000000,4,14,2,1,2,6,0,2,1.5,1,0,28.5,0,2,0,0,1.16667,0,2
97,0.09980030000000001,29,2,6,8,5,7,0,6,1,1,1,1,0.2,0.14285699999999998,0,0.0,0,6,0.625,0.875,0,0,0.0,0,0,0,0,0,0,8,0,1,2,6,0,2,1.5,1,0,28.5,0,2,0,0,1.16667,0,2
98,0.0999001,19,1,3,6,3,6,0,3,0,0,0,0,0.0,0.0,0,0.0,0,6,0.375,0.75,0,0,0.0,0,0,0,0,0,0,3,0,0,1,3,0,1,2.0,1,0,34.0,0,2,0,0,1.0,0,1
99,99.8003,57,2,14,13,8,12,0,14,6,1,3,1,0.75,0.08333330000000001,0,0.0,0,12,0.2,0.3,0,0,0.0,4,2,2,-1,10000000000,3,16,1,1,2,6,0,2,1.5,1,0,36.0,0,2,0,0,1.16667,0,2
100,0.09980030000000001,50,2,11,13,7,12,0,11,4,1,2,1,0.571429,0.08333330000000001,0,0.0,0,12,0.175,0.3,0,0,0.0,2,2,1,-1,10000000000,3,12,1,1,2,6,0,2,1.5,1,0,36.0,0,2,0,0,1.16667,0,2
101,0.09970060000000001,84,3,26,14,12,12,0,26,14,2,6,2,1.16667,0.166667,0,0.0,0,12,0.3,0.3,0,0,0.0,8,2,5,-1,10000000000,9,27,4,1,3,8,0,3,1.66667,1,0,64.6667,0,2,0,0,1.25,0,3
102,9.97006e-08,82,3,24,16,10,14,0,24,14,2,3,1,1.4,0.14285699999999998,1,1.0,0,12,0.25,0.35,1,1,1.0,6,4,3,-1,10000000000,8,24,2,1,3,10,0,3,1.66667,1,0,64.6667,0,2,0,0,1.3,0,4
103,9.96009e-05,87,3,27,16,11,14,0,27,16,2,3,1,1.45455,0.14285699999999998,1,1.0,0,12,0.275,0.35,1,1,1.0,7,4,4,-1,10000000000,9,26,2,1,3,10,0,3,1.66667,1,0,64.6667,0,2,0,0,1.3,0,4
104,9.9601e-05,82,4,24,15,12,12,0,24,12,3,4,1,1.0,0.25,1,1.0,0,12,0.3,0.3,1,1,1.0,6,2,4,-1,10000000000,9,26,3,1,4,10,0,4,1.75,1,0,61.0,0,2,0,0,1.3,0,4
105,9.9601e-08,49,4,9,13,4,10,0,9,5,3,3,2,1.25,0.3,0,0.0,0,12,0.1,0.25,0,0,0.0,0,0,0,0,0,0,14,0,1,4,10,0,4,1.75,1,0,61.0,0,2,0,0,1.3,0,4
106,9.93028e-08,107,6,32,18,11,15,0,32,21,3,8,2,1.9090900000000002,0.2,0,0.0,0,12,0.275,0.375,0,0,0.0,10,3,3,-1,10000000000,5,43,2,3,6,14,0,6,2.0,1,0,67.0,0,2,0,0,1.35714,0,6
107,9.93028e-11,96,6,27,18,8,15,0,27,19,3,7,3,2.375,0.2,0,0.0,0,12,0.2,0.375,0,0,0.0,8,3,1,-1,10000000000,1,39,0,3,6,14,0,6,2.0,1,0,67.0,0,2,0,0,1.35714,0,6
108,1.9880399999999998e-10,66,5,15,15,7,13,0,15,8,2,3,2,1.14286,0.153846,0,0.0,0,12,0.175,0.325,0,0,0.0,2,1,0,-1,10000000000,0,24,0,3,5,12,0,5,2.2,1,0,73.2,0,2,0,0,1.33333,0,5
109,9.97006e-11,56,4,11,13,6,12,0,11,5,1,2,1,0.833333,0.08333330000000001,0,0.0,0,12,0.15,0.3,0,0,0.0,2,1,0,-1,10000000000,0,19,0,3,4,9,0,4,2.25,1,0,73.75,0,2,0,0,1.33333,0,4
110,0.0,57,2,15,8,9,8,0,15,6,0,5,0,0.666667,0.0,9,2.33333,0,9,0.9,0.8,1,1,1.0,5,0,1,-1,10000000000,1,8,0,0,2,3,0,0,0.0,0,0,0.0,0,1,0,0,1.33333,0,2
111,0.0,62,2,17,8,9,8,0,17,8,0,5,0,0.8888889999999999,0.0,10,2.3,0,9,0.9,0.8,1,1,1.0,6,0,1,-1,10000000000,1,9,0,0,2,4,0,0,0.0,0,0,0.0,0,2,0,0,1.25,0,2
112,100.0,51,1,13,8,7,8,0,13,6,0,5,0,0.857143,0.0,8,2.375,0,9,0.7,0.8,1,1,1.0,4,0,0,-1,10000000000,1,6,0,0,1,2,0,0,0.0,0,0,0.0,0,2,0,0,1.5,0,2
113,99.8003,41,2,9,9,4,8,0,9,5,1,2,1,1.25,0.125,0,0.0,0,6,0.5,1.0,0,0,0.0,2,1,0,-1,10000000000,4,12,2,1,2,6,0,2,1.5,1,0,27.0,0,2,0,0,1.16667,0,2
114,0.09980030000000001,27,2,4,8,3,7,0,4,1,1,1,1,0.333333,0.14285699999999998,0,0.0,0,6,0.375,0.875,0,0,0.0,0,0,0,0,0,0,6,0,1,2,6,0,2,1.5,1,0,27.0,0,2,0,0,1.16667,0,2
115,0.0999001,18,1,2,6,2,6,0,2,0,0,0,0,0.0,0.0,0,0.0,0,6,0.25,0.75,0,0,0.0,0,0,0,0,0,0,2,0,0,1,3,0,1,2.0,1,0,32.0,0,2,0,0,1.0,0,1
116,99.8003,53,2,14,11,8,10,0,14,6,1,3,1,0.75,0.1,0,0.0,0,10,0.363636,0.454545,0,0,0.0,4,2,2,-1,10000000000,3,16,1,1,2,6,0,2,1.5,1,0,36.0,0,2,0,0,1.16667,0,2
117,0.09980030000000001,46,2,11,11,7,10,0,11,4,1,2,1,0.571429,0.1,0,0.0,0,10,0.318182,0.454545,0,0,0.0,2,2,1,-1,10000000000,3,12,1,1,2,6,0,2,1.5,1,0,36.0,0,2,0,0,1.16667,0,2
118,0.09970060000000001,54,3,14,11,8,9,0,14,6,2,3,1,0.75,0.22222199999999998,0,0.0,0,10,0.363636,0.409091,0,0,0.0,3,1,2,-1,10000000000,3,17,1,1,3,8,0,3,1.66667,1,0,35.6667,0,2,0,0,1.25,0,3
119,9.97006e-05,39,3,7,10,4,8,0,7,3,2,3,2,0.75,0.25,0,0.0,0,10,0.181818,0.363636,0,0,0.0,0,0,0,0,0,0,11,0,1,3,8,0,3,1.66667,1,0,35.6667,0,2,0,0,1.25,0,3
120,9.94024e-05,87,5,27,14,11,12,0,27,16,2,7,1,1.45455,0.166667,0,0.0,0,10,0.5,0.545455,0,0,0.0,8,2,3,-1,10000000000,5,34,2,1,5,12,0,5,2.0,1,0,54.6,0,2,0,0,1.33333,0,5
121,9.940239999999999e-08,76,5,22,14,8,12,0,22,14,2,6,2,1.75,0.166667,0,0.0,0,10,0.363636,0.545455,0,0,0.0,6,2,1,-1,10000000000,1,30,0,1,5,12,0,5,2.0,1,0,54.6,0,2,0,0,1.33333,0,5
122,1.98805e-07,46,4,10,11,6,10,0,10,4,1,2,1,0.666667,0.1,0,0.0,0,10,0.272727,0.454545,0,0,0.0,0,0,0,0,0,0,15,0,1,4,10,0,4,2.25,1,0,59.25,0,2,0,0,1.3,0,4
123,9.97006e-08,35,3,6,9,5,9,0,6,1,0,1,0,0.2,0.0,0,0.0,0,10,0.227273,0.409091,0,0,0.0,0,0,0,0,0,0,9,0,0,3,7,0,3,2.33333,1,0,55.3333,0,2,0,0,1.2857100000000001,0,3
124,0.0,61,2,17,9,9,9,0,17,8,0,6,0,0.8888889999999999,0.0,9,2.44444,0,9,0.9,0.9,1,1,1.0,6,0,1,-1,10000000000,0,10,0,0,2,3,0,0,0.0,0,0,0.0,0,1,0,0,1.33333,0,2
125,0.0,68,2,21,9,9,9,0,21,12,0,6,0,1.33333,0.0,10,2.6,0,9,0.9,0.9,1,1,1.0,7,0,1,-1,10000000000,0,13,0,0,2,4,0,0,0.0,0,0,0.0,0,2,0,0,1.25,0,2
126,100.0,55,1,15,9,7,9,0,15,8,0,6,0,1.14286,0.0,8,2.5,0,9,0.7,0.9,1,1,1.0,5,0,0,-1,10000000000,0,8,0,0,1,2,0,0,0.0,0,0,0.0,0,2,0,0,1.5,0,2
127,97.6924,58,3,15,10,7,9,0,15,8,1,4,1,1.14286,0.11111099999999999,0,0.0,0,8,0.7,0.9,0,0,0.0,3,1,0,-1,10000000000,7,21,3,1,3,8,0,3,2.0,1,0,42.0,0,2,0,0,1.25,0,3
128,0.7632220000000001,36,3,7,9,6,8,0,7,1,1,1,1,0.166667,0.125,0,0.0,0,8,0.6,0.8,0,0,0.0,0,0,0,0,0,0,11,0,1,3,8,0,3,2.0,1,0,42.0,0,2,0,0,1.25,0,3
129,0.769185,30,2,5,8,4,7,0,5,1,1,1,1,0.25,0.14285699999999998,0,0.0,0,8,0.4,0.7,0,0,0.0,0,0,0,0,0,0,8,0,1,2,6,0,2,2.5,1,0,47.5,0,2,0,0,1.16667,0,2
130,0.7632220000000001,52,3,13,10,5,8,0,13,8,2,3,2,1.6,0.25,0,0.0,0,8,0.5,0.8,0,0,0.0,2,1,0,-1,10000000000,5,18,2,1,3,8,0,3,2.0,1,0,38.0,0,2,0,0,1.25,0,3
131,0.00596267,36,3,7,9,4,7,0,7,3,2,2,1,0.75,0.28571399999999997,0,0.0,0,8,0.4,0.7,0,0,0.0,0,0,0,0,0,0,11,0,1,3,8,0,3,2.0,1,0,38.0,0,2,0,0,1.25,0,3
132,0.00600925,26,2,4,7,3,6,0,4,1,1,1,1,0.333333,0.166667,0,0.0,0,8,0.3,0.6,0,0,0.0,0,0,0,0,0,0,6,0,0,2,5,0,2,2.5,1,0,44.5,0,2,0,0,1.2,0,2
133,96.9351,99,4,31,13,13,12,0,31,18,1,6,1,1.38462,0.08333330000000001,0,0.0,0,10,0.764706,0.705882,0,0,0.0,14,2,3,-1,10000000000,5,42,2,1,4,10,0,4,2.5,1,0,93.25,0,2,0,0,1.3,0,4
134,0.757305,56,4,13,12,8,11,0,13,5,1,4,1,0.625,0.0909091,0,0.0,0,10,0.470588,0.647059,0,0,0.0,3,1,0,-1,10000000000,0,20,0,1,4,10,0,4,2.5,1,0,93.25,0,2,0,0,1.3,0,4
135,0.757305,67,4,18,12,9,10,0,18,9,2,4,1,1.0,0.2,0,0.0,0,10,0.529412,0.5882350000000001,0,0,0.0,6,1,1,-1,10000000000,1,26,0,1,4,10,0,4,2.5,1,0,88.0,0,2,0,0,1.3,0,4
136,0.00591645,45,4,9,11,6,9,0,9,3,2,3,2,0.5,0.22222199999999998,0,0.0,0,10,0.352941,0.529412,0,0,0.0,0,0,0,0,0,0,14,0,1,4,10,0,4,2.5,1,0,88.0,0,2,0,0,1.3,0,4
137,0.769185,33,2,5,9,4,8,0,5,1,1,1,1,0.25,0.125,0,0.0,0,10,0.235294,0.470588,0,0,0.0,0,0,0,0,0,0,8,0,1,2,6,0,2,3.5,1,0,123.5,0,2,0,0,1.16667,0,2
138,0.7751939999999999,23,1,2,7,2,7,0,2,0,0,0,0,0.0,0.0,0,0.0,0,10,0.117647,0.41176499999999994,0,0,0.0,0,0,0,0,0,0,3,0,0,1,3,0,1,4.0,1,0,129.0,0,2,0,0,1.0,0,1
139,0.0,86,2,22,10,10,10,0,22,12,0,7,0,1.2,0.0,15,2.2,0,10,0.909091,0.909091,1,1,1.0,12,0,1,-1,10000000000,0,6,0,0,2,3,0,0,0.0,0,0,0.0,0,1,0,0,1.33333,0,2
140,0.0,91,2,24,10,10,10,0,24,14,0,7,0,1.4,0.0,16,2.1875,0,10,0.909091,0.909091,1,1,1.0,13,0,1,-1,10000000000,0,7,0,0,2,4,0,0,0.0,0,0,0.0,0,2,0,0,1.25,0,2
141,100.0,80,1,20,10,8,10,0,20,12,0,7,0,1.5,0.0,14,2.21429,0,10,0.727273,0.909091,1,1,1.0,11,0,0,-1,10000000000,0,4,0,0,1,2,0,0,0.0,0,0,0.0,0,2,0,0,1.5,0,2
142,99.95,92,2,28,14,8,13,0,28,20,1,3,1,2.5,0.07692310000000001,0,0.0,0,8,0.6153850000000001,1.0,0,0,0.0,7,5,0,-1,10000000000,15,37,6,5,2,6,0,2,1.5,1,0,61.0,0,2,0,0,1.16667,0,2
143,0.0249875,60,2,16,12,6,11,0,16,10,1,2,1,1.66667,0.0909091,0,0.0,0,8,0.461538,0.8461540000000001,0,0,0.0,3,3,0,-1,10000000000,5,23,2,5,2,6,0,2,1.5,1,0,61.0,0,2,0,0,1.16667,0,2
144,0.0249938,21,1,2,7,2,7,0,2,0,0,0,0,0.0,0.0,0,0.0,0,8,0.153846,0.538462,0,0,0.0,0,0,0,0,0,0,3,0,0,1,3,0,1,2.0,1,0,81.0,0,2,0,0,1.0,0,1
145,99.925,129,2,46,16,18,15,0,46,28,1,7,1,1.55556,0.0666667,0,0.0,0,9,0.5,0.416667,0,0,0.0,21,6,10,-1,10000000000,15,46,5,10,2,6,0,2,1.5,1,0,113.5,0,2,0,0,1.16667,0,2
146,0.0499376,156,3,57,18,20,16,0,57,37,2,7,1,1.85,0.125,0,0.0,0,9,0.555556,0.44444399999999995,0,0,0.0,25,7,12,-1,10000000000,19,58,7,11,3,8,0,3,1.33333,1,0,91.0,0,2,0,0,1.25,0,3
147,2.49688e-05,133,3,48,18,18,16,0,48,30,2,7,2,1.66667,0.125,0,0.0,0,9,0.5,0.44444399999999995,0,0,0.0,21,7,10,-1,10000000000,15,45,5,7,3,8,0,3,1.33333,1,0,91.0,0,2,0,0,1.25,0,3
148,0.0249938,63,2,18,14,11,13,0,18,7,1,4,1,0.636364,0.07692310000000001,0,0.0,0,9,0.305556,0.361111,0,0,0.0,9,4,3,-1,10000000000,3,15,0,2,2,6,0,2,1.5,1,0,102.0,0,2,0,0,1.16667,0,2
149,6.2484400000000004e-06,45,2,11,12,9,12,0,11,2,0,2,0,0.22222199999999998,0.0,0,0.0,0,9,0.25,0.333333,0,0,0.0,6,3,2,-1,10000000000,2,6,0,0,2,5,0,2,1.5,1,0,102.0,0,2,0,0,1.2,0,2
150,0.0,57,2,14,8,8,8,0,14,6,0,4,0,0.75,0.0,9,2.22222,0,9,0.8,0.8,1,1,1.0,6,0,1,-1,10000000000,0,7,0,0,2,3,0,0,0.0,0,0,0.0,0,1,0,0,1.33333,0,2
151,0.0,60,2,15,8,9,8,0,15,6,0,4,0,0.666667,0.0,10,2.1,0,9,0.9,0.8,1,1,1.0,6,0,1,-1,10000000000,0,8,0,0,2,4,0,0,0.0,0,0,0.0,0,2,0,0,1.25,0,2
152,100.0,51,1,12,8,6,8,0,12,6,0,4,0,1.0,0.0,8,2.25,0,9,0.6,0.8,1,1,1.0,5,0,0,-1,10000000000,0,5,0,0,1,2,0,0,0.0,0,0,0.0,0,2,0,0,1.5,0,2
153,96.1169,50,2,16,8,5,7,0,16,11,1,3,1,2.2,0.14285699999999998,0,0.0,0,5,0.714286,1.0,0,0,0.0,4,2,0,-1,10000000000,0,25,0,5,2,6,0,2,1.5,1,0,39.5,0,2,0,0,1.16667,0,2
154,1.9223400000000002,25,2,5,6,3,5,0,5,2,1,2,1,0.666667,0.2,0,0.0,0,5,0.428571,0.714286,0,0,0.0,0,0,0,0,0,0,8,0,1,2,6,0,2,1.5,1,0,39.5,0,2,0,0,1.16667,0,2
155,1.96078,15,1,2,4,2,4,0,2,0,0,0,0,0.0,0.0,0,0.0,0,5,0.28571399999999997,0.571429,0,0,0.0,0,0,0,0,0,0,3,0,0,1,3,0,1,2.0,1,0,45.0,0,2,0,0,1.0,0,1
156,96.1073,51,3,10,12,6,11,0,10,4,1,3,1,0.666667,0.0909091,0,0.0,0,11,0.272727,0.5,0,0,0.0,2,1,0,-1,10000000000,0,17,0,3,3,8,0,3,2.33333,1,0,73.3333,0,2,0,0,1.25,0,3
157,1.92215,43,3,7,11,5,10,0,7,2,1,2,1,0.4,0.1,0,0.0,0,11,0.227273,0.454545,0,0,0.0,0,0,0,0,0,0,13,0,3,3,8,0,3,2.33333,1,0,73.3333,0,2,0,0,1.25,0,3
158,1.7388,113,5,34,15,11,13,0,34,23,2,6,2,2.09091,0.153846,0,0.0,0,11,0.5,0.590909,0,0,0.0,13,2,3,-1,10000000000,0,57,0,10,5,12,0,5,2.4,1,0,95.4,0,2,0,0,1.33333,0,5
159,0.108675,101,5,29,15,11,13,0,29,18,2,4,2,1.63636,0.153846,0,0.0,0,11,0.5,0.590909,0,0,0.0,10,2,2,-1,10000000000,0,49,0,9,5,12,0,5,2.4,1,0,95.4,0,2,0,0,1.33333,0,5
160,0.07389910000000001,52,4,10,12,5,10,0,10,5,2,2,1,1.0,0.2,0,0.0,0,11,0.227273,0.454545,0,0,0.0,0,0,0,0,0,0,19,0,5,4,10,0,4,2.75,1,0,106.5,0,2,0,0,1.3,0,4
161,0.039211800000000005,53,3,11,12,7,9,0,11,4,3,3,3,0.571429,0.333333,0,0.0,0,11,0.318182,0.409091,0,0,0.0,2,0,1,-1,10000000000,0,19,0,5,3,8,0,3,3.0,1,0,107.0,0,2,0,0,1.25,0,3
162,0.009999,28,1,4,9,4,9,0,4,0,0,0,0,0.0,0.0,0,0.0,0,11,0.181818,0.409091,0,0,0.0,0,0,0,0,0,0,4,0,0,1,3,0,1,4.0,1,0,172.0,0,2,0,0,1.0,0,1
163,0.0,74,2,21,10,10,10,0,21,11,0,7,0,1.1,0.0,11,2.54545,0,10,0.909091,0.909091,1,1,1.0,9,0,1,-1,10000000000,0,10,0,0,2,3,0,0,0.0,0,0,0.0,0,1,0,0,1.33333,0,2
164,0.0,84,2,26,10,10,10,0,26,16,0,7,0,1.6,0.0,12,2.75,0,10,0.909091,0.909091,1,1,1.0,12,0,1,-1,10000000000,0,12,0,0,2,4,0,0,0.0,0,0,0.0,0,2,0,0,1.25,0,2
165,100.0,68,1,19,10,8,10,0,19,11,0,7,0,1.375,0.0,10,2.6,0,10,0.727273,0.909091,1,1,1.0,8,0,0,-1,10000000000,0,8,0,0,1,2,0,0,0.0,0,0,0.0,0,2,0,0,1.5,0,2
166,98.0392,34,1,6,10,3,9,0,6,3,1,1,1,1.0,0.11111099999999999,0,0.0,0,9,0.230769,0.692308,0,0,0.0,1,1,0,-1,10000000000,1,8,0,1,1,4,0,1,1.0,1,0,16.0,0,2,0,0,1.0,0,1
167,1.95687,90,3,25,14,8,12,0,25,17,2,4,2,2.125,0.166667,0,0.0,0,9,0.6153850000000001,0.923077,0,0,0.0,6,3,0,-1,10000000000,15,35,6,4,3,8,0,3,1.33333,1,0,49.0,0,2,0,0,1.25,0,3
168,0.00195687,39,3,7,11,5,9,0,7,2,2,1,1,0.4,0.22222199999999998,0,0.0,0,9,0.384615,0.692308,0,0,0.0,0,0,0,0,0,0,11,0,1,3,8,0,3,1.33333,1,0,49.0,0,2,0,0,1.25,0,3
169,0.00195883,29,2,4,9,3,8,0,4,1,1,1,1,0.333333,0.125,0,0.0,0,9,0.230769,0.6153850000000001,0,0,0.0,0,0,0,0,0,0,6,0,0,2,5,0,2,1.5,1,0,43.5,0,2,0,0,1.2,0,2
170,97.9413,45,2,10,11,7,10,0,10,3,1,2,1,0.428571,0.1,0,0.0,0,10,0.269231,0.384615,0,0,0.0,3,1,1,-1,10000000000,1,12,0,1,2,6,0,2,2.0,1,1,123.0,0,2,0,0,1.16667,0,2
171,0.0977456,82,4,24,13,11,11,0,24,13,2,5,1,1.18182,0.181818,0,0.0,0,10,0.42307700000000004,0.42307700000000004,0,0,0.0,8,1,3,-1,10000000000,6,31,3,2,4,10,0,4,1.75,1,1,86.75,0,2,0,0,1.3,0,4
172,9.77456e-05,46,4,9,12,6,10,0,9,3,2,3,2,0.5,0.2,0,0.0,0,10,0.230769,0.384615,0,0,0.0,0,0,0,0,0,0,14,0,1,4,10,0,4,1.75,1,1,86.75,0,2,0,0,1.3,0,4
173,9.77456e-05,88,5,26,14,11,11,0,26,15,3,6,2,1.36364,0.272727,0,0.0,0,10,0.42307700000000004,0.42307700000000004,0,0,0.0,8,1,3,-1,10000000000,6,34,3,2,5,12,0,5,1.8,1,1,80.6,0,2,0,0,1.33333,0,5
174,9.78434e-08,52,5,11,13,6,10,0,11,5,3,4,2,0.833333,0.3,0,0.0,0,10,0.230769,0.384615,0,0,0.0,0,0,0,0,0,0,17,0,1,5,12,0,5,1.8,1,1,80.6,0,2,0,0,1.33333,0,5
175,9.76478e-08,115,6,36,15,14,11,0,36,22,4,7,2,1.5714299999999999,0.363636,0,0.0,0,10,0.538462,0.42307700000000004,0,0,0.0,12,1,5,-1,10000000000,10,48,5,5,6,14,0,6,1.83333,1,1,83.3333,0,2,0,0,1.35714,0,6
176,9.77456e-11,60,6,13,14,6,10,0,13,7,4,4,2,1.16667,0.4,0,0.0,0,10,0.230769,0.384615,0,0,0.0,0,0,0,0,0,0,22,0,3,6,14,0,6,1.83333,1,1,83.3333,0,2,0,0,1.35714,0,6
177,9.78434e-11,53,5,11,13,6,10,0,11,5,3,3,2,0.833333,0.3,0,0.0,0,10,0.230769,0.384615,0,0,0.0,0,0,0,0,0,0,18,0,2,5,12,0,5,2.0,1,1,87.0,0,2,0,0,1.33333,0,5
178,1.96078,24,1,2,8,2,8,0,2,0,0,0,0,0.0,0.0,0,0.0,0,10,0.07692310000000001,0.307692,0,0,0.0,0,0,0,0,0,0,3,0,0,1,3,0,1,3.0,1,1,226.0,0,2,0,0,1.0,0,1
179,0.0,182,2,50,20,22,20,0,50,28,0,17,0,1.27273,0.0,31,2.54839,0,22,0.956522,0.8695649999999999,1,1,1.0,26,0,1,-1,10000000000,2,10,0,0,2,3,0,0,0.0,0,0,0.0,0,1,0,0,1.33333,0,2
180,0.0,195,2,57,20,22,20,0,57,35,0,17,0,1.59091,0.0,32,2.6875,0,22,0.956522,0.8695649999999999,1,1,1.0,30,0,1,-1,10000000000,2,13,0,0,2,4,0,0,0.0,0,0,0.0,0,2,0,0,1.25,0,2
181,100.0,176,1,48,20,20,20,0,48,28,0,17,0,1.4,0.0,30,2.5666700000000002,0,22,0.8695649999999999,0.8695649999999999,1,1,1.0,25,0,0,-1,10000000000,2,8,0,0,1,2,0,0,0.0,0,0,0.0,0,2,0,0,1.5,0,2
182,99.6124,72,1,13,22,7,21,0,13,6,1,2,1,0.857143,0.047619,0,0.0,0,19,0.21875,0.65625,0,0,0.0,2,2,0,-1,10000000000,8,13,4,1,1,4,0,1,1.0,1,0,31.0,0,2,0,0,1.0,0,1
183,0.38609499999999997,78,2,15,23,7,21,0,15,8,2,2,1,1.14286,0.0952381,0,0.0,0,19,0.21875,0.65625,0,0,0.0,2,2,0,-1,10000000000,8,16,4,1,2,6,0,2,1.0,1,0,31.0,0,2,0,0,1.16667,0,2
184,0.00149649,84,3,17,24,8,21,0,17,9,3,2,1,1.125,0.14285699999999998,0,0.0,0,19,0.25,0.65625,0,0,0.0,2,2,0,-1,10000000000,8,19,4,1,3,8,0,3,1.0,1,0,31.0,0,2,0,0,1.25,0,3
185,5.755470000000001e-06,188,6,51,30,13,26,0,51,38,4,6,2,2.92308,0.153846,0,0.0,0,19,0.40625,0.8125,0,0,0.0,13,5,0,-1,10000000000,36,69,18,6,6,14,0,6,1.5,1,0,73.5,0,2,0,0,1.35714,0,6
186,2.23948e-08,116,6,27,27,10,23,0,27,17,4,5,2,1.7,0.173913,0,0.0,0,19,0.3125,0.71875,0,0,0.0,4,2,0,-1,10000000000,12,36,6,3,6,14,0,6,1.5,1,0,73.5,0,2,0,0,1.35714,0,6
187,2.2482000000000002e-08,74,5,13,24,7,20,0,13,6,4,3,1,0.857143,0.2,0,0.0,0,19,0.21875,0.625,0,0,0.0,0,0,0,0,0,0,17,0,1,5,12,0,5,1.6,1,0,72.0,0,2,0,0,1.33333,0,5
188,2.25695e-08,64,4,10,22,6,19,0,10,4,3,2,1,0.666667,0.157895,0,0.0,0,19,0.1875,0.59375,0,0,0.0,0,0,0,0,0,0,12,0,0,4,9,0,4,1.5,1,0,58.0,0,2,0,0,1.33333,0,4
189,98.8372,271,3,98,27,39,26,0,98,59,1,12,1,1.51282,0.0384615,0,0.0,0,22,0.342105,0.22807,0,0,0.0,46,4,19,-1,10000000000,40,105,18,3,3,8,0,3,2.0,1,0,637.6669999999999,0,2,0,0,1.25,0,3
190,0.384581,476,4,189,32,60,30,0,189,129,2,19,1,2.15,0.0666667,0,0.0,0,22,0.526316,0.263158,0,0,0.0,90,8,38,-1,10000000000,80,196,36,3,4,10,0,4,1.75,1,0,531.25,0,2,0,0,1.3,0,4
191,0.00150227,472,4,188,32,60,30,0,188,128,2,20,2,2.13333,0.0666667,0,0.0,0,22,0.526316,0.263158,0,0,0.0,89,8,38,-1,10000000000,80,193,36,2,4,10,0,4,1.75,1,0,531.25,0,2,0,0,1.3,0,4
192,0.38759099999999996,58,2,5,22,4,21,0,5,1,1,1,1,0.25,0.047619,0,0.0,0,22,0.03508769999999999,0.18421099999999999,0,0,0.0,0,0,0,0,0,0,8,0,1,2,6,0,2,2.5,1,0,848.5,0,2,0,0,1.16667,0,2
193,0.38910500000000003,48,1,2,20,2,20,0,2,0,0,0,0,0.0,0.0,0,0.0,0,22,0.0175439,0.175439,0,0,0.0,0,0,0,0,0,0,3,0,0,1,3,0,1,3.0,1,0,854.0,0,2,0,0,1.0,0,1
194,0.0,33,2,8,5,5,5,0,8,3,0,2,0,0.6,0.0,5,1.8,0,5,0.833333,0.833333,1,1,1.0,3,0,1,-1,10000000000,0,6,0,0,2,3,0,0,0.0,0,0,0.0,0,1,0,0,1.33333,0,2
195,0.0,38,2,10,5,5,5,0,10,5,0,2,0,1.0,0.0,6,1.83333,0,5,0.833333,0.833333,1,1,1.0,4,0,1,-1,10000000000,0,7,0,0,2,4,0,0,0.0,0,0,0.0,0,2,0,0,1.25,0,2
196,100.0,27,1,6,5,3,5,0,6,3,0,2,0,1.0,0.0,4,1.75,0,5,0.5,0.833333,1,1,1.0,2,0,0,-1,10000000000,0,4,0,0,1,2,0,0,0.0,0,0,0.0,0,2,0,0,1.5,0,2
197,99.805,41,2,11,6,4,5,0,11,7,1,3,1,1.75,0.2,0,0.0,0,4,0.8,1.0,0,0,0.0,2,1,0,-1,10000000000,5,17,2,3,2,6,0,2,1.5,1,0,32.5,0,2,0,0,1.16667,0,2
198,0.0974658,23,2,5,5,3,4,0,5,2,1,2,1,0.666667,0.25,0,0.0,0,4,0.6,0.8,0,0,0.0,0,0,0,0,0,0,8,0,1,2,6,0,2,1.5,1,0,32.5,0,2,0,0,1.16667,0,2
199,0.097561,13,1,2,3,2,3,0,2,0,0,0,0,0.0,0.0,0,0.0,0,4,0.4,0.6,0,0,0.0,0,0,0,0,0,0,3,0,0,1,3,0,1,2.0,1,0,38.0,0,2,0,0,1.0,0,1
200,99.6104,75,3,26,7,9,6,0,26,17,1,5,1,1.8888900000000002,0.166667,0,0.0,0,5,0.75,0.5,0,0,0.0,10,1,4,-1,10000000000,6,32,2,1,3,10,0,3,2.0,1,0,83.0,0,2,0,0,1.3,0,4
201,0.0971806,84,3,30,7,10,6,0,30,20,1,5,1,2.0,0.166667,0,0.0,0,5,0.833333,0.5,0,0,0.0,12,1,5,-1,10000000000,8,36,3,1,3,10,0,3,2.0,1,0,83.0,0,2,0,0,1.3,0,4
202,0.0973707,30,3,7,6,4,5,0,7,3,1,2,1,0.75,0.2,0,0.0,0,5,0.333333,0.416667,0,0,0.0,0,0,0,0,0,0,11,0,1,3,8,0,3,2.0,1,0,83.0,0,2,0,0,1.25,0,3
203,0.0974658,24,2,5,5,3,4,0,5,2,1,2,1,0.666667,0.25,0,0.0,0,5,0.25,0.333333,0,0,0.0,0,0,0,0,0,0,8,0,1,2,6,0,2,2.5,1,0,88.5,0,2,0,0,1.16667,0,2
204,0.097561,14,1,2,3,2,3,0,2,0,0,0,0,0.0,0.0,0,0.0,0,5,0.166667,0.25,0,0,0.0,0,0,0,0,0,0,3,0,0,1,3,0,1,3.0,1,0,94.0,0,2,0,0,1.0,0,1
205,0.0,67,2,20,9,11,9,0,20,9,0,6,0,0.818182,0.0,9,3.0,0,11,0.916667,0.75,1,1,1.0,7,0,1,-1,10000000000,2,10,0,0,2,3,0,0,0.0,0,0,0.0,0,1,0,0,1.33333,0,2
206,0.0,73,2,23,9,11,9,0,23,12,0,6,0,1.09091,0.0,10,3.0,0,11,0.916667,0.75,1,1,1.0,8,0,1,-1,10000000000,2,12,0,0,2,4,0,0,0.0,0,0,0.0,0,2,0,0,1.25,0,2
207,100.0,61,1,18,9,9,9,0,18,9,0,6,0,1.0,0.0,8,3.125,0,11,0.75,0.75,1,1,1.0,6,0,0,-1,10000000000,2,8,0,0,1,2,0,0,0.0,0,0,0.0,0,2,0,0,1.5,0,2
208,99.805,55,2,13,14,7,13,0,13,6,1,3,1,0.857143,0.07692310000000001,0,0.0,0,10,0.466667,0.866667,0,0,0.0,2,1,0,-1,10000000000,5,15,2,1,2,6,0,2,1.5,1,0,30.5,0,2,0,0,1.16667,0,2
209,0.0974658,39,2,7,13,6,12,0,7,1,1,1,1,0.166667,0.08333330000000001,0,0.0,0,10,0.4,0.8,0,0,0.0,0,0,0,0,0,0,8,0,1,2,6,0,2,1.5,1,0,30.5,0,2,0,0,1.16667,0,2
210,0.0973707,61,3,15,15,7,13,0,15,8,2,3,2,1.14286,0.153846,0,0.0,0,10,0.466667,0.866667,0,0,0.0,2,1,0,-1,10000000000,5,18,2,1,3,8,0,3,1.66667,1,0,32.3333,0,2,0,0,1.25,0,3
211,9.508860000000001e-05,45,3,9,14,6,12,0,9,3,2,2,1,0.5,0.166667,0,0.0,0,10,0.4,0.8,0,0,0.0,0,0,0,0,0,0,11,0,1,3,8,0,3,1.66667,1,0,32.3333,0,2,0,0,1.25,0,3
212,9.49958e-05,67,4,17,16,8,13,0,17,9,3,3,2,1.125,0.230769,0,0.0,0,10,0.533333,0.866667,0,0,0.0,2,1,0,-1,10000000000,5,21,2,1,4,10,0,4,1.75,1,0,33.25,0,2,0,0,1.3,0,4
213,9.27693e-08,51,4,11,15,7,12,0,11,4,3,2,1,0.571429,0.25,0,0.0,0,10,0.466667,0.8,0,0,0.0,0,0,0,0,0,0,14,0,1,4,10,0,4,1.75,1,0,33.25,0,2,0,0,1.3,0,4
214,9.28599e-08,41,3,8,13,5,11,0,8,3,2,2,1,0.6,0.181818,0,0.0,0,10,0.333333,0.733333,0,0,0.0,0,0,0,0,0,0,9,0,0,3,7,0,3,2.0,1,0,36.0,0,2,0,0,1.2857100000000001,0,3
215,99.7076,82,3,25,14,15,13,0,25,10,1,4,1,0.666667,0.07692310000000001,0,0.0,0,11,1.0,0.866667,0,0,0.0,8,2,4,-1,10000000000,10,27,4,1,3,8,0,3,2.0,1,0,56.3333,0,2,0,0,1.25,0,3
216,0.0973707,53,3,12,13,9,12,0,12,3,1,2,1,0.333333,0.08333330000000001,0,0.0,0,11,0.6,0.8,0,0,0.0,2,1,1,-1,10000000000,3,15,1,1,3,8,0,3,2.0,1,0,56.3333,0,2,0,0,1.25,0,3
217,0.0974658,36,2,5,11,4,10,0,5,1,1,1,1,0.25,0.1,0,0.0,0,11,0.266667,0.666667,0,0,0.0,0,0,0,0,0,0,8,0,1,2,6,0,2,2.5,1,0,65.5,0,2,0,0,1.16667,0,2
218,0.097561,26,1,2,9,2,9,0,2,0,0,0,0,0.0,0.0,0,0.0,0,11,0.13333299999999998,0.6,0,0,0.0,0,0,0,0,0,0,3,0,0,1,3,0,1,3.0,1,0,71.0,0,2,0,0,1.0,0,1
219,0.0,125,2,34,13,15,13,0,34,19,0,10,0,1.26667,0.0,21,2.5238099999999997,0,15,0.9375,0.8125,1,1,1.0,19,0,1,-1,10000000000,2,6,0,0,2,3,0,0,0.0,0,0,0.0,0,1,0,0,1.33333,0,2
220,0.0,130,2,36,13,15,13,0,36,21,0,10,0,1.4,0.0,22,2.5,0,15,0.9375,0.8125,1,1,1.0,20,0,1,-1,10000000000,2,7,0,0,2,4,0,0,0.0,0,0,0.0,0,2,0,0,1.25,0,2
221,100.0,119,1,32,13,13,13,0,32,19,0,10,0,1.46154,0.0,20,2.55,0,15,0.8125,0.8125,1,1,1.0,18,0,0,-1,10000000000,2,4,0,0,1,2,0,0,0.0,0,0,0.0,0,2,0,0,1.5,0,2
222,99.95,135,2,40,26,14,25,0,40,26,1,3,1,1.8571400000000002,0.04,0,0.0,0,14,0.56,1.0,0,0,0.0,10,9,0,-1,10000000000,16,52,7,11,2,6,0,2,1.5,1,0,66.5,0,2,0,0,1.16667,0,2
223,0.0249875,119,2,34,25,13,24,0,34,21,1,2,1,1.61538,0.041666699999999994,0,0.0,0,14,0.52,0.96,0,0,0.0,8,8,0,-1,10000000000,11,45,5,11,2,6,0,2,1.5,1,0,66.5,0,2,0,0,1.16667,0,2
224,0.0249938,37,1,4,15,4,15,0,4,0,0,0,0,0.0,0.0,0,0.0,0,14,0.16,0.6,0,0,0.0,0,0,0,0,0,0,3,0,0,1,3,0,1,2.0,1,0,108.0,0,2,0,0,1.0,0,1
225,99.95,83,2,24,16,13,15,0,24,11,1,4,1,0.8461540000000001,0.0666667,0,0.0,0,14,0.41935500000000003,0.483871,0,0,0.0,8,1,5,-1,10000000000,9,24,4,1,2,6,0,2,1.5,1,0,54.5,0,2,0,0,1.16667,0,2
226,0.0249875,43,2,5,15,3,14,0,5,2,1,2,1,0.666667,0.07142860000000001,0,0.0,0,14,0.09677419999999999,0.451613,0,0,0.0,0,0,0,0,0,0,8,0,1,2,6,0,2,1.5,1,0,54.5,0,2,0,0,1.16667,0,2
227,0.024981299999999998,76,3,20,17,10,15,0,20,10,2,4,2,1.0,0.13333299999999998,0,0.0,0,14,0.322581,0.483871,0,0,0.0,5,1,3,-1,10000000000,7,21,3,1,3,8,0,3,1.66667,1,0,47.6667,0,2,0,0,1.25,0,3
228,6.245309999999999e-06,49,3,7,16,3,14,0,7,4,2,2,1,1.33333,0.14285699999999998,0,0.0,0,14,0.09677419999999999,0.451613,0,0,0.0,0,0,0,0,0,0,11,0,1,3,8,0,3,1.66667,1,0,47.6667,0,2,0,0,1.25,0,3
229,6.245309999999999e-06,65,3,15,17,6,14,0,15,9,3,3,1,1.5,0.214286,0,0.0,0,14,0.193548,0.451613,0,0,0.0,3,1,2,-1,10000000000,3,17,1,1,3,8,0,3,1.66667,1,0,44.0,0,2,0,0,1.25,0,3
230,1.56055e-09,88,5,24,19,10,15,0,24,14,4,4,2,1.4,0.266667,0,0.0,0,14,0.322581,0.483871,0,0,0.0,5,1,3,-1,10000000000,7,27,3,1,5,12,0,5,1.6,1,0,43.0,0,2,0,0,1.33333,0,5
231,3.90137e-13,61,5,11,18,3,14,0,11,8,4,2,1,2.66667,0.28571399999999997,0,0.0,0,14,0.09677419999999999,0.451613,0,0,0.0,0,0,0,0,0,0,17,0,1,5,12,0,5,1.6,1,0,43.0,0,2,0,0,1.33333,0,5
232,3.90235e-13,51,4,8,16,2,13,0,8,6,3,2,1,3.0,0.230769,0,0.0,0,14,0.06451609999999999,0.41935500000000003,0,0,0.0,0,0,0,0,0,0,12,0,0,4,9,0,4,1.75,1,0,44.75,0,2,0,0,1.33333,0,4
233,0.0,77,2,20,9,11,9,0,20,9,0,6,0,0.818182,0.0,13,2.38462,0,11,0.916667,0.75,1,1,1.0,9,0,1,-1,10000000000,2,6,0,0,2,3,0,0,0.0,0,0,0.0,0,1,0,0,1.33333,0,2
234,0.0,82,2,22,9,11,9,0,22,11,0,6,0,1.0,0.0,14,2.3571400000000002,0,11,0.916667,0.75,1,1,1.0,10,0,1,-1,10000000000,2,7,0,0,2,4,0,0,0.0,0,0,0.0,0,2,0,0,1.25,0,2
235,100.0,71,1,18,9,9,9,0,18,9,0,6,0,1.0,0.0,12,2.41667,0,11,0.75,0.75,1,1,1.0,8,0,0,-1,10000000000,2,4,0,0,1,2,0,0,0.0,0,0,0.0,0,2,0,0,1.5,0,2
236,99.95,77,2,23,14,8,13,0,23,15,1,3,1,1.875,0.07692310000000001,0,0.0,0,8,0.6153850000000001,1.0,0,0,0.0,5,3,0,-1,10000000000,13,26,5,1,2,6,0,2,1.5,1,0,51.5,0,2,0,0,1.16667,0,2
237,0.0249875,45,2,11,12,6,11,0,11,5,1,2,1,0.833333,0.0909091,0,0.0,0,8,0.461538,0.8461540000000001,0,0,0.0,1,1,0,-1,10000000000,3,12,1,1,2,6,0,2,1.5,1,0,51.5,0,2,0,0,1.16667,0,2
238,0.0249938,25,1,4,9,4,9,0,4,0,0,0,0,0.0,0.0,0,0.0,0,8,0.307692,0.692308,0,0,0.0,0,0,0,0,0,0,3,0,0,1,3,0,1,2.0,1,0,62.0,0,2,0,0,1.0,0,1
239,99.95,95,2,33,15,14,14,0,33,19,1,6,1,1.35714,0.07142860000000001,0,0.0,0,10,0.608696,0.608696,0,0,0.0,12,4,6,-1,10000000000,10,32,4,1,2,6,0,2,1.5,1,0,79.5,0,2,0,0,1.16667,0,2
240,0.0249875,65,2,19,14,9,13,0,19,10,1,4,1,1.11111,0.07692310000000001,0,0.0,0,10,0.391304,0.565217,0,0,0.0,5,3,2,-1,10000000000,7,18,3,1,2,6,0,2,1.5,1,0,79.5,0,2,0,0,1.16667,0,2
241,0.0249938,25,1,2,9,2,9,0,2,0,0,0,0,0.0,0.0,0,0.0,0,10,0.0869565,0.391304,0,0,0.0,0,0,0,0,0,0,3,0,0,1,3,0,1,2.0,1,0,100.0,0,2,0,0,1.0,0,1
242,0.0,59,2,16,8,8,8,0,16,8,0,5,0,1.0,0.0,9,2.33333,0,8,0.8888889999999999,0.8888889999999999,2,1,1.11111,7,0,1,-1,10000000000,0,8,0,0,2,3,0,0,0.0,0,0,0.0,0,1,0,0,1.33333,0,2
243,0.0,69,2,21,8,8,8,0,21,13,0,5,0,1.625,0.0,10,2.6,0,8,0.8888889999999999,0.8888889999999999,2,1,1.1,10,0,1,-1,10000000000,0,10,0,0,2,4,0,0,0.0,0,0,0.0,0,2,0,0,1.25,0,2
244,100.0,53,1,14,8,6,8,0,14,8,0,5,0,1.33333,0.0,8,2.375,0,8,0.666667,0.8888889999999999,2,1,1.125,6,0,0,-1,10000000000,0,6,0,0,1,2,0,0,0.0,0,0,0.0,0,2,0,0,1.5,0,2
245,99.6105,62,2,17,10,6,9,0,17,11,1,4,1,1.83333,0.11111099999999999,0,0.0,0,7,0.6,0.9,0,0,0.0,4,2,0,-1,10000000000,10,23,4,2,2,6,0,2,1.5,1,0,47.5,0,2,0,0,1.16667,0,2
246,0.194552,29,2,5,8,4,7,0,5,1,1,1,1,0.25,0.14285699999999998,0,0.0,0,7,0.4,0.7,0,0,0.0,0,0,0,0,0,0,8,0,1,2,6,0,2,1.5,1,0,47.5,0,2,0,0,1.16667,0,2
247,0.194173,52,3,13,10,5,8,0,13,8,2,3,2,1.6,0.25,0,0.0,0,7,0.5,0.8,0,0,0.0,2,1,0,-1,10000000000,5,19,2,2,3,8,0,3,1.66667,1,0,38.6667,0,2,0,0,1.25,0,3
248,0.00037924300000000003,35,3,7,9,4,7,0,7,3,2,2,1,0.75,0.28571399999999997,0,0.0,0,7,0.4,0.7,0,0,0.0,0,0,0,0,0,0,11,0,1,3,8,0,3,1.66667,1,0,38.6667,0,2,0,0,1.25,0,3
249,0.00037998400000000004,25,2,4,7,3,6,0,4,1,1,1,1,0.333333,0.166667,0,0.0,0,7,0.3,0.6,0,0,0.0,0,0,0,0,0,0,6,0,0,2,5,0,2,2.0,1,0,45.0,0,2,0,0,1.2,0,2
250,99.6105,52,2,14,10,8,8,0,14,6,2,3,2,0.75,0.25,0,0.0,0,9,0.347826,0.347826,0,0,0.0,4,0,2,-1,10000000000,5,16,2,1,2,6,0,2,2.0,1,0,110.0,0,2,0,0,1.16667,0,2
251,0.194173,73,3,22,12,10,10,0,22,12,2,4,1,1.2,0.2,1,1.0,0,9,0.434783,0.434783,1,1,1.0,8,2,2,-1,10000000000,5,27,1,1,3,8,0,3,1.66667,1,0,84.6667,0,2,0,0,1.25,0,3
252,0.000377028,97,5,31,15,12,12,0,31,19,3,6,1,1.58333,0.25,1,1.0,0,9,0.5217390000000001,0.5217390000000001,1,1,1.0,10,3,3,-1,10000000000,7,39,2,2,5,12,0,5,1.6,1,0,78.0,0,2,0,0,1.33333,0,5
253,7.34948e-07,110,6,36,16,12,12,0,36,24,4,7,1,2.0,0.333333,1,1.0,0,9,0.5217390000000001,0.5217390000000001,1,1,1.0,12,3,3,-1,10000000000,7,46,2,2,6,14,0,6,1.5,1,0,72.1667,0,2,0,0,1.35714,0,6
254,1.43545e-09,76,6,21,15,7,11,0,21,14,4,6,2,2.0,0.363636,1,1.0,0,9,0.304348,0.478261,1,1,1.0,4,2,0,-1,10000000000,2,30,0,2,6,14,0,6,1.5,1,0,72.1667,0,2,0,0,1.35714,0,6
255,1.4785299999999999e-06,56,4,14,12,7,10,0,14,7,2,4,2,1.0,0.2,1,1.0,0,9,0.304348,0.434783,1,1,1.0,2,1,0,-1,10000000000,2,20,0,2,4,10,0,4,1.75,1,0,88.5,0,2,0,0,1.3,0,4
256,0.194932,21,1,2,6,2,6,0,2,0,0,0,0,0.0,0.0,0,0.0,0,9,0.0869565,0.26087,0,0,0.0,0,0,0,0,0,0,3,0,0,1,3,0,1,3.0,1,0,191.0,0,2,0,0,1.0,0,1
257,0.0,47,2,12,7,7,7,0,12,5,0,3,0,0.714286,0.0,7,2.1428599999999998,0,7,0.875,0.875,1,1,1.0,5,0,1,-1,10000000000,0,7,0,0,2,3,0,0,0.0,0,0,0.0,0,1,0,0,1.33333,0,2
258,0.0,52,2,14,7,7,7,0,14,7,0,3,0,1.0,0.0,8,2.125,0,7,0.875,0.875,1,1,1.0,6,0,1,-1,10000000000,0,8,0,0,2,4,0,0,0.0,0,0,0.0,0,2,0,0,1.25,0,2
259,100.0,41,1,10,7,5,7,0,10,5,0,3,0,1.0,0.0,6,2.16667,0,7,0.625,0.875,1,1,1.0,4,0,0,-1,10000000000,0,5,0,0,1,2,0,0,0.0,0,0,0.0,0,2,0,0,1.5,0,2
260,99.99,40,1,11,7,4,6,0,11,7,1,2,1,1.75,0.166667,0,0.0,0,4,0.666667,1.0,0,0,0.0,2,2,0,-1,10000000000,8,13,4,1,1,4,0,1,1.0,1,0,31.0,0,2,0,0,1.0,0,1
261,0.009999,14,1,2,4,2,4,0,2,0,0,0,0,0.0,0.0,0,0.0,0,4,0.333333,0.666667,0,0,0.0,0,0,0,0,0,0,3,0,0,1,3,0,1,1.0,1,0,31.0,0,2,0,0,1.0,0,1
262,99.0,54,2,16,8,9,7,0,16,7,1,2,1,0.777778,0.14285699999999998,0,0.0,0,7,0.692308,0.538462,0,0,0.0,4,1,3,-1,10000000000,6,19,3,4,2,6,0,2,1.5,1,0,51.5,0,2,0,0,1.16667,0,2
263,0.00990099,46,3,12,9,8,8,0,12,4,1,2,1,0.5,0.125,0,0.0,0,7,0.6153850000000001,0.6153850000000001,0,0,0.0,2,1,1,-1,10000000000,1,17,0,3,3,8,0,3,1.33333,1,0,41.0,0,2,0,0,1.25,0,3
264,9.90297e-07,36,3,7,8,5,7,0,7,2,1,2,1,0.4,0.14285699999999998,0,0.0,0,7,0.384615,0.538462,0,0,0.0,0,0,0,0,0,0,13,0,3,3,8,0,3,1.33333,1,0,41.0,0,2,0,0,1.25,0,3
265,0.990099,18,1,2,5,2,5,0,2,0,0,0,0,0.0,0.0,0,0.0,0,7,0.153846,0.384615,0,0,0.0,0,0,0,0,0,0,3,0,0,1,3,0,1,2.0,1,0,68.0,0,2,0,0,1.0,0,1
266,0.0,47,2,12,7,7,7,0,12,5,0,3,0,0.714286,0.0,7,2.1428599999999998,0,7,0.875,0.875,1,1,1.0,5,0,1,-1,10000000000,0,7,0,0,2,3,0,0,0.0,0,0,0.0,0,1,0,0,1.33333,0,2
267,0.0,52,2,14,7,7,7,0,14,7,0,3,0,1.0,0.0,8,2.125,0,7,0.875,0.875,1,1,1.0,6,0,1,-1,10000000000,0,8,0,0,2,4,0,0,0.0,0,0,0.0,0,2,0,0,1.25,0,2
268,100.0,41,1,10,7,5,7,0,10,5,0,3,0,1.0,0.0,6,2.16667,0,7,0.625,0.875,1,1,1.0,4,0,0,-1,10000000000,0,5,0,0,1,2,0,0,0.0,0,0,0.0,0,2,0,0,1.5,0,2
269,99.8003,61,2,17,8,5,7,0,17,12,1,3,1,2.4,0.14285699999999998,0,0.0,0,5,0.714286,1.0,0,0,0.0,4,2,0,-1,10000000000,12,24,6,3,2,6,0,2,1.5,1,0,50.5,0,2,0,0,1.16667,0,2
270,0.09980030000000001,25,2,5,6,3,5,0,5,2,1,2,1,0.666667,0.2,0,0.0,0,5,0.428571,0.714286,0,0,0.0,0,0,0,0,0,0,8,0,1,2,6,0,2,1.5,1,0,50.5,0,2,0,0,1.16667,0,2
271,0.0999001,15,1,2,4,2,4,0,2,0,0,0,0,0.0,0.0,0,0.0,0,5,0.28571399999999997,0.571429,0,0,0.0,0,0,0,0,0,0,3,0,0,1,3,0,1,2.0,1,0,56.0,0,2,0,0,1.0,0,1
272,95.0475,93,3,30,9,12,8,0,30,18,1,4,1,1.5,0.125,0,0.0,0,7,0.8,0.533333,0,0,0.0,12,1,5,-1,10000000000,10,41,5,7,3,8,0,3,2.0,1,0,92.0,0,2,0,0,1.25,0,3
273,0.095238,36,3,7,8,5,7,0,7,2,1,2,1,0.4,0.14285699999999998,0,0.0,0,7,0.333333,0.466667,0,0,0.0,0,0,0,0,0,0,13,0,3,3,8,0,3,2.0,1,0,92.0,0,2,0,0,1.25,0,3
274,0.0951427,59,4,16,10,8,8,0,16,8,2,3,2,1.0,0.25,0,0.0,0,7,0.533333,0.533333,0,0,0.0,4,1,1,-1,10000000000,1,25,0,4,4,10,0,4,2.0,1,0,68.25,0,2,0,0,1.3,0,4
275,9.53333e-05,43,4,9,9,5,7,0,9,4,2,2,1,0.8,0.28571399999999997,0,0.0,0,7,0.333333,0.466667,0,0,0.0,0,0,0,0,0,0,17,0,4,4,10,0,4,2.0,1,0,68.25,0,2,0,0,1.3,0,4
276,9.542889999999999e-05,36,3,7,8,4,6,0,7,3,2,3,2,0.75,0.333333,0,0.0,0,7,0.266667,0.4,0,0,0.0,0,0,0,0,0,0,13,0,3,3,8,0,3,2.33333,1,0,82.3333,0,2,0,0,1.25,0,3
277,4.7619,18,1,2,5,2,5,0,2,0,0,0,0,0.0,0.0,0,0.0,0,7,0.13333299999999998,0.333333,0,0,0.0,0,0,0,0,0,0,3,0,0,1,3,0,1,3.0,1,0,130.0,0,2,0,0,1.0,0,1
278,0.0,33,2,8,5,5,5,0,8,3,0,2,0,0.6,0.0,5,1.8,0,5,0.833333,0.833333,1,1,1.0,3,0,1,-1,10000000000,0,6,0,0,2,3,0,0,0.0,0,0,0.0,0,1,0,0,1.33333,0,2
279,0.0,38,2,10,5,5,5,0,10,5,0,2,0,1.0,0.0,6,1.83333,0,5,0.833333,0.833333,1,1,1.0,4,0,1,-1,10000000000,0,7,0,0,2,4,0,0,0.0,0,0,0.0,0,2,0,0,1.25,0,2
280,100.0,27,1,6,5,3,5,0,6,3,0,2,0,1.0,0.0,4,1.75,0,5,0.5,0.833333,1,1,1.0,2,0,0,-1,10000000000,0,4,0,0,1,2,0,0,0.0,0,0,0.0,0,2,0,0,1.5,0,2
281,99.805,41,2,11,6,4,5,0,11,7,1,3,1,1.75,0.2,0,0.0,0,4,0.8,1.0,0,0,0.0,2,1,0,-1,10000000000,5,17,2,3,2,6,0,2,1.5,1,0,32.5,0,2,0,0,1.16667,0,2
282,0.0974658,23,2,5,5,3,4,0,5,2,1,2,1,0.666667,0.25,0,0.0,0,4,0.6,0.8,0,0,0.0,0,0,0,0,0,0,8,0,1,2,6,0,2,1.5,1,0,32.5,0,2,0,0,1.16667,0,2
283,0.097561,13,1,2,3,2,3,0,2,0,0,0,0,0.0,0.0,0,0.0,0,4,0.4,0.6,0,0,0.0,0,0,0,0,0,0,3,0,0,1,3,0,1,2.0,1,0,38.0,0,2,0,0,1.0,0,1
284,99.7075,51,2,17,6,6,5,0,17,11,1,4,1,1.83333,0.2,0,0.0,0,5,0.5,0.416667,0,0,0.0,6,1,2,-1,10000000000,3,22,1,2,2,6,0,2,2.0,1,0,70.5,0,2,0,0,1.16667,0,2
285,0.194267,76,4,27,8,8,6,0,27,19,2,5,1,2.375,0.333333,0,0.0,0,5,0.666667,0.5,0,0,0.0,8,1,3,-1,10000000000,5,36,2,4,4,10,0,4,1.75,1,0,60.0,0,2,0,0,1.3,0,4
286,0.000284709,42,4,12,7,4,5,0,12,8,2,4,2,2.0,0.4,0,0.0,0,5,0.333333,0.416667,0,0,0.0,0,0,0,0,0,0,20,0,4,4,10,0,4,1.75,1,0,60.0,0,2,0,0,1.3,0,4
287,0.000380354,34,3,9,6,4,5,0,9,5,1,2,1,1.25,0.2,0,0.0,0,5,0.333333,0.416667,0,0,0.0,0,0,0,0,0,0,15,0,3,3,8,0,3,2.0,1,0,65.6667,0,2,0,0,1.25,0,3
288,0.097561,14,1,2,3,2,3,0,2,0,0,0,0,0.0,0.0,0,0.0,0,5,0.166667,0.25,0,0,0.0,0,0,0,0,0,0,3,0,0,1,3,0,1,3.0,1,0,107.0,0,2,0,0,1.0,0,1
289,0.0,66,2,17,8,8,8,0,17,9,0,5,0,1.125,0.0,11,2.18182,0,8,0.8888889999999999,0.8888889999999999,1,1,1.0,9,0,1,-1,10000000000,0,6,0,0,2,3,0,0,0.0,0,0,0.0,0,1,0,0,1.33333,0,2
290,0.0,71,2,19,8,8,8,0,19,11,0,5,0,1.375,0.0,12,2.16667,0,8,0.8888889999999999,0.8888889999999999,1,1,1.0,10,0,1,-1,10000000000,0,7,0,0,2,4,0,0,0.0,0,0,0.0,0,2,0,0,1.25,0,2
291,100.0,60,1,15,8,6,8,0,15,9,0,5,0,1.5,0.0,10,2.2,0,8,0.666667,0.8888889999999999,1,1,1.0,8,0,0,-1,10000000000,0,4,0,0,1,2,0,0,0.0,0,0,0.0,0,2,0,0,1.5,0,2
292,99.8052,79,2,22,12,7,11,0,22,15,1,3,1,2.1428599999999998,0.0909091,0,0.0,0,7,0.636364,1.0,0,0,0.0,5,4,0,-1,10000000000,12,33,6,8,2,6,0,2,1.5,1,0,48.5,0,2,0,0,1.16667,0,2
293,0.0973709,61,2,16,11,6,10,0,16,10,1,2,1,1.66667,0.1,0,0.0,0,7,0.545455,0.909091,0,0,0.0,3,3,0,-1,10000000000,7,24,4,6,2,6,0,2,1.5,1,0,48.5,0,2,0,0,1.16667,0,2
294,0.0974659,19,1,2,6,2,6,0,2,0,0,0,0,0.0,0.0,0,0.0,0,7,0.181818,0.545455,0,0,0.0,0,0,0,0,0,0,3,0,0,1,3,0,1,2.0,1,0,70.0,0,2,0,0,1.0,0,1
295,99.4163,71,3,22,12,10,10,0,22,12,2,5,2,1.2,0.2,0,0.0,0,9,0.30303,0.30303,0,0,0.0,7,1,3,-1,10000000000,6,25,2,2,3,8,0,3,2.0,1,0,80.3333,0,2,0,0,1.25,0,3
296,0.291544,69,3,21,12,9,11,0,21,12,1,4,1,1.33333,0.0909091,0,0.0,0,9,0.272727,0.333333,0,0,0.0,7,2,2,-1,10000000000,4,25,1,2,3,8,0,3,2.0,1,0,80.3333,0,2,0,0,1.25,0,3
297,0.193607,81,4,25,13,10,10,0,25,15,3,5,3,1.5,0.3,0,0.0,0,9,0.30303,0.30303,0,0,0.0,7,1,3,-1,10000000000,6,32,2,5,4,10,0,4,2.0,1,0,75.75,0,2,0,0,1.3,0,4
298,0.000566102,70,4,20,13,8,11,0,20,12,2,4,1,1.5,0.181818,0,0.0,0,9,0.24242399999999997,0.333333,0,0,0.0,5,2,1,-1,10000000000,2,28,0,5,4,10,0,4,2.0,1,0,75.75,0,2,0,0,1.3,0,4
299,0.000378874,44,3,10,10,4,8,0,10,6,2,3,2,1.5,0.25,0,0.0,0,9,0.12121199999999999,0.24242399999999997,0,0,0.0,1,1,0,-1,10000000000,0,15,0,3,3,8,0,3,2.33333,1,0,91.0,0,2,0,0,1.25,0,3
300,0.097276,69,3,22,13,11,10,0,22,11,3,5,3,1.0,0.3,0,0.0,0,9,0.333333,0.30303,0,0,0.0,7,2,4,-1,10000000000,7,19,2,1,3,8,0,3,2.0,1,0,73.3333,0,2,0,0,1.25,0,3
301,0.000189807,58,3,17,13,8,11,0,17,9,2,4,1,1.125,0.181818,0,0.0,0,9,0.24242399999999997,0.333333,0,0,0.0,5,3,2,-1,10000000000,3,15,0,1,3,8,0,3,2.0,1,0,73.3333,0,2,0,0,1.25,0,3
302,9.49034e-05,104,4,37,15,14,11,0,37,23,4,7,3,1.6428599999999998,0.363636,0,0.0,0,9,0.424242,0.333333,0,0,0.0,11,3,6,-1,10000000000,10,40,3,7,4,10,0,4,2.0,1,0,75.0,0,2,0,0,1.3,0,4
303,1.8517700000000002e-07,108,4,38,15,13,12,0,38,25,3,6,1,1.92308,0.25,0,0.0,0,9,0.393939,0.363636,0,0,0.0,11,4,5,-1,10000000000,8,46,2,11,4,10,0,4,2.0,1,0,75.0,0,2,0,0,1.3,0,4
304,9.28599e-08,62,3,19,11,9,9,0,19,10,2,4,1,1.11111,0.22222199999999998,0,0.0,0,9,0.272727,0.272727,0,0,0.0,7,3,3,-1,10000000000,4,18,1,1,3,7,0,3,2.33333,1,0,90.3333,0,2,0,0,1.2857100000000001,0,3
305,0.0,77,2,20,9,9,9,0,20,11,0,6,0,1.22222,0.0,13,2.23077,0,9,0.9,0.9,1,1,1.0,11,0,1,-1,10000000000,0,6,0,0,2,3,0,0,0.0,0,0,0.0,0,1,0,0,1.33333,0,2
306,0.0,84,2,23,9,9,9,0,23,14,0,6,0,1.55556,0.0,14,2.28571,0,9,0.9,0.9,1,1,1.0,13,0,1,-1,10000000000,0,7,0,0,2,4,0,0,0.0,0,0,0.0,0,2,0,0,1.25,0,2
307,100.0,71,1,18,9,7,9,0,18,11,0,6,0,1.5714299999999999,0.0,12,2.25,0,9,0.7,0.9,1,1,1.0,10,0,0,-1,10000000000,0,4,0,0,1,2,0,0,0.0,0,0,0.0,0,2,0,0,1.5,0,2
308,99.95,88,2,26,14,8,13,0,26,18,1,3,1,2.25,0.07692310000000001,0,0.0,0,8,0.6153850000000001,1.0,0,0,0.0,6,5,0,-1,10000000000,19,30,9,1,2,6,0,2,1.5,1,0,50.0,0,2,0,0,1.16667,0,2
309,0.0249875,74,2,21,13,7,12,0,21,14,1,2,1,2.0,0.08333330000000001,0,0.0,0,8,0.538462,0.923077,0,0,0.0,4,4,0,-1,10000000000,15,24,7,1,2,6,0,2,1.5,1,0,50.0,0,2,0,0,1.16667,0,2
310,0.0249938,21,1,2,7,2,7,0,2,0,0,0,0,0.0,0.0,0,0.0,0,8,0.153846,0.538462,0,0,0.0,0,0,0,0,0,0,3,0,0,1,3,0,1,2.0,1,0,77.0,0,2,0,0,1.0,0,1
311,99.95,56,2,17,10,9,9,0,17,8,1,4,1,0.8888889999999999,0.11111099999999999,0,0.0,0,8,0.5625,0.5625,0,0,0.0,5,1,3,-1,10000000000,5,18,2,1,2,6,0,2,1.5,1,0,39.5,0,2,0,0,1.16667,0,2
312,0.0249875,31,2,5,9,3,8,0,5,2,1,2,1,0.666667,0.125,0,0.0,0,8,0.1875,0.5,0,0,0.0,0,0,0,0,0,0,8,0,1,2,6,0,2,1.5,1,0,39.5,0,2,0,0,1.16667,0,2
313,0.024981299999999998,62,3,19,11,9,9,0,19,10,2,4,2,1.11111,0.22222199999999998,0,0.0,0,8,0.5625,0.5625,0,0,0.0,5,1,3,-1,10000000000,5,21,2,1,3,8,0,3,1.66667,1,0,41.3333,0,2,0,0,1.25,0,3
314,6.245309999999999e-06,37,3,7,10,3,8,0,7,4,2,2,1,1.33333,0.25,0,0.0,0,8,0.1875,0.5,0,0,0.0,0,0,0,0,0,0,11,0,1,3,8,0,3,1.66667,1,0,41.3333,0,2,0,0,1.25,0,3
315,6.24688e-06,27,2,4,8,2,7,0,4,2,1,2,1,1.0,0.14285699999999998,0,0.0,0,8,0.125,0.4375,0,0,0.0,0,0,0,0,0,0,6,0,0,2,5,0,2,2.0,1,0,45.0,0,2,0,0,1.2,0,2
316,0.0,79,2,20,11,11,11,0,20,9,0,6,0,0.818182,0.0,13,2.23077,0,11,0.916667,0.916667,1,1,1.0,9,0,1,-1,10000000000,0,8,0,0,2,3,0,0,0.0,0,0,0.0,0,1,0,0,1.33333,0,2
317,0.0,84,2,22,11,11,11,0,22,11,0,6,0,1.0,0.0,14,2.21429,0,11,0.916667,0.916667,1,1,1.0,10,0,1,-1,10000000000,0,9,0,0,2,4,0,0,0.0,0,0,0.0,0,2,0,0,1.25,0,2
318,100.0,73,1,18,11,9,11,0,18,9,0,6,0,1.0,0.0,12,2.25,0,11,0.75,0.916667,1,1,1.0,8,0,0,-1,10000000000,0,6,0,0,1,2,0,0,0.0,0,0,0.0,0,2,0,0,1.5,0,2
319,73.4694,67,2,22,10,6,9,0,22,16,1,3,1,2.66667,0.11111099999999999,0,0.0,0,6,0.666667,1.0,0,0,0.0,6,3,0,-1,10000000000,0,36,0,9,2,6,0,2,1.5,1,0,54.5,0,2,0,0,1.16667,0,2
320,12.2449,27,2,5,7,3,6,0,5,2,1,2,1,0.666667,0.166667,0,0.0,0,6,0.333333,0.666667,0,0,0.0,0,0,0,0,0,0,8,0,1,2,6,0,2,1.5,1,0,54.5,0,2,0,0,1.16667,0,2
321,14.2857,17,1,2,5,2,5,0,2,0,0,0,0,0.0,0.0,0,0.0,0,6,0.22222199999999998,0.555556,0,0,0.0,0,0,0,0,0,0,3,0,0,1,3,0,1,2.0,1,0,60.0,0,2,0,0,1.0,0,1
322,65.6345,72,4,18,14,10,13,0,18,8,1,4,1,0.8,0.07692310000000001,0,0.0,0,12,0.384615,0.5,0,0,0.0,5,1,1,-1,10000000000,0,29,0,4,4,10,0,4,2.5,1,1,93.75,0,2,0,0,1.3,0,4
323,1.02554,53,4,10,13,7,12,0,10,3,1,3,1,0.428571,0.08333330000000001,0,0.0,0,12,0.269231,0.461538,0,0,0.0,0,0,0,0,0,0,18,0,4,4,10,0,4,2.5,1,1,93.75,0,2,0,0,1.3,0,4
324,19.0457,46,3,8,12,5,11,0,8,3,1,2,1,0.6,0.0909091,0,0.0,0,12,0.19230799999999998,0.42307700000000004,0,0,0.0,0,0,0,0,0,0,14,0,3,3,8,0,3,3.0,1,1,115.333,0,2,0,0,1.25,0,3
325,9.37406,113,5,33,16,12,14,0,33,21,2,6,2,1.75,0.14285699999999998,0,0.0,0,12,0.461538,0.538462,0,0,0.0,15,2,3,-1,10000000000,0,53,0,7,5,12,0,5,2.6,1,1,110.6,0,2,0,0,1.33333,0,5
326,0.148795,98,5,27,16,12,14,0,27,15,2,5,2,1.25,0.14285699999999998,0,0.0,0,12,0.461538,0.538462,0,0,0.0,11,2,2,-1,10000000000,0,43,0,6,5,12,0,5,2.6,1,1,110.6,0,2,0,0,1.33333,0,5
327,2.7208200000000002,53,4,10,13,5,11,0,10,5,2,2,1,1.0,0.181818,0,0.0,0,12,0.19230799999999998,0.42307700000000004,0,0,0.0,0,0,0,0,0,0,18,0,4,4,10,0,4,3.0,1,1,127.0,0,2,0,0,1.3,0,4
328,1.7491,64,4,14,14,8,12,0,14,6,2,3,2,0.75,0.166667,0,0.0,0,12,0.307692,0.461538,0,0,0.0,4,1,1,-1,10000000000,0,22,0,4,4,10,0,4,2.75,1,1,108.75,0,2,0,0,1.3,0,4
329,0.182198,94,6,25,16,9,12,0,25,16,4,4,2,1.77778,0.333333,0,0.0,0,12,0.346154,0.461538,0,0,0.0,6,1,2,-1,10000000000,0,43,0,9,6,14,0,6,2.33333,1,1,87.0,0,2,0,0,1.35714,0,6
330,0.0607325,67,6,14,15,5,11,0,14,9,4,3,2,1.8,0.363636,0,0.0,0,12,0.19230799999999998,0.42307700000000004,0,0,0.0,0,0,0,0,0,0,26,0,6,6,14,0,6,2.33333,1,1,87.0,0,2,0,0,1.35714,0,6
331,0.048586000000000004,59,5,11,14,5,11,0,11,6,3,3,2,1.2,0.272727,0,0.0,0,12,0.19230799999999998,0.42307700000000004,0,0,0.0,0,0,0,0,0,0,21,0,5,5,12,0,5,2.6,1,1,97.0,0,2,0,0,1.33333,0,5
332,0.009999,27,1,2,9,2,9,0,2,0,0,0,0,0.0,0.0,0,0.0,0,12,0.07692310000000001,0.346154,0,0,0.0,0,0,0,0,0,0,3,0,0,1,3,0,1,4.0,1,1,251.0,0,2,0,0,1.0,0,1
333,0.0,36,2,9,6,6,6,0,9,3,0,2,0,0.5,0.0,5,2.0,0,6,0.857143,0.857143,1,1,1.0,3,0,1,-1,10000000000,0,7,0,0,2,3,0,0,0.0,0,0,0.0,0,1,0,0,1.33333,0,2
334,0.0,41,2,11,6,6,6,0,11,5,0,2,0,0.833333,0.0,6,2.0,0,6,0.857143,0.857143,1,1,1.0,4,0,1,-1,10000000000,0,8,0,0,2,4,0,0,0.0,0,0,0.0,0,2,0,0,1.25,0,2
335,100.0,30,1,7,6,4,6,0,7,3,0,2,0,0.75,0.0,4,2.0,0,6,0.571429,0.857143,1,1,1.0,2,0,0,-1,10000000000,0,5,0,0,1,2,0,0,0.0,0,0,0.0,0,2,0,0,1.5,0,2
336,99.8003,41,2,11,6,4,5,0,11,7,1,3,1,1.75,0.2,0,0.0,0,4,0.8,1.0,0,0,0.0,2,1,0,-1,10000000000,6,16,3,2,2,6,0,2,1.5,1,0,32.5,0,2,0,0,1.16667,0,2
337,0.09980030000000001,23,2,5,5,3,4,0,5,2,1,2,1,0.666667,0.25,0,0.0,0,4,0.6,0.8,0,0,0.0,0,0,0,0,0,0,8,0,1,2,6,0,2,1.5,1,0,32.5,0,2,0,0,1.16667,0,2
338,0.0999001,13,1,2,3,2,3,0,2,0,0,0,0,0.0,0.0,0,0.0,0,4,0.4,0.6,0,0,0.0,0,0,0,0,0,0,3,0,0,1,3,0,1,2.0,1,0,38.0,0,2,0,0,1.0,0,1
339,95.0475,136,3,46,8,15,7,0,46,31,1,4,1,2.0666700000000002,0.14285699999999998,0,0.0,0,6,0.9375,0.4375,0,0,0.0,20,1,9,-1,10000000000,18,66,9,16,3,8,0,3,2.0,1,0,123.0,0,2,0,0,1.25,0,3
340,0.095238,35,3,7,7,5,6,0,7,2,1,2,1,0.4,0.166667,0,0.0,0,6,0.3125,0.375,0,0,0.0,0,0,0,0,0,0,14,0,4,3,8,0,3,2.0,1,0,123.0,0,2,0,0,1.25,0,3
341,0.0953334,28,2,5,6,4,5,0,5,1,1,1,1,0.25,0.2,0,0.0,0,6,0.25,0.3125,0,0,0.0,0,0,0,0,0,0,10,0,3,2,6,0,2,2.5,1,0,129.0,0,2,0,0,1.16667,0,2
342,4.7619,17,1,2,4,2,4,0,2,0,0,0,0,0.0,0.0,0,0.0,0,6,0.125,0.25,0,0,0.0,0,0,0,0,0,0,4,0,1,1,3,0,1,3.0,1,0,135.0,0,2,0,0,1.0,0,1
343,0.0,63,2,18,8,10,8,0,18,8,0,5,0,0.8,0.0,9,2.77778,0,10,0.909091,0.727273,1,1,1.0,7,0,1,-1,10000000000,2,8,0,0,2,3,0,0,0.0,0,0,0.0,0,1,0,0,1.33333,0,2
344,0.0,69,2,21,8,10,8,0,21,11,0,5,0,1.1,0.0,10,2.8,0,10,0.909091,0.727273,1,1,1.0,8,0,1,-1,10000000000,2,10,0,0,2,4,0,0,0.0,0,0,0.0,0,2,0,0,1.25,0,2
345,100.0,57,1,16,8,8,8,0,16,8,0,5,0,1.0,0.0,8,2.875,0,10,0.727273,0.727273,1,1,1.0,6,0,0,-1,10000000000,2,6,0,0,1,2,0,0,0.0,0,0,0.0,0,2,0,0,1.5,0,2
346,99.805,69,2,19,14,8,13,0,19,11,1,3,1,1.375,0.07692310000000001,0,0.0,0,9,0.571429,0.9285709999999999,0,0,0.0,4,2,0,-1,10000000000,10,22,4,1,2,6,0,2,1.5,1,0,46.5,0,2,0,0,1.16667,0,2
347,0.0974658,37,2,7,12,6,11,0,7,1,1,1,1,0.166667,0.0909091,0,0.0,0,9,0.428571,0.785714,0,0,0.0,0,0,0,0,0,0,8,0,1,2,6,0,2,1.5,1,0,46.5,0,2,0,0,1.16667,0,2
348,0.0973707,59,3,15,14,7,12,0,15,8,2,4,2,1.14286,0.166667,0,0.0,0,9,0.5,0.857143,0,0,0.0,2,1,0,-1,10000000000,5,18,2,1,3,8,0,3,1.66667,1,0,37.6667,0,2,0,0,1.25,0,3
349,9.508860000000001e-05,43,3,9,13,6,11,0,9,3,2,2,1,0.5,0.181818,0,0.0,0,9,0.428571,0.785714,0,0,0.0,0,0,0,0,0,0,11,0,1,3,8,0,3,1.66667,1,0,37.6667,0,2,0,0,1.25,0,3
350,9.51814e-05,33,2,6,11,5,10,0,6,1,1,1,1,0.2,0.1,0,0.0,0,9,0.357143,0.714286,0,0,0.0,0,0,0,0,0,0,6,0,0,2,5,0,2,2.0,1,0,44.0,0,2,0,0,1.2,0,2
351,99.6099,92,3,29,14,15,12,0,29,14,2,5,2,0.933333,0.166667,0,0.0,0,11,0.75,0.6,0,0,0.0,10,1,5,-1,10000000000,12,32,5,2,3,8,0,3,2.0,1,0,98.6667,0,2,0,0,1.25,0,3
352,0.195122,85,3,26,13,14,12,0,26,12,1,4,1,0.857143,0.08333330000000001,0,0.0,0,11,0.7,0.6,0,0,0.0,8,1,3,-1,10000000000,13,28,6,2,3,8,0,3,2.0,1,0,98.6667,0,2,0,0,1.25,0,3
353,0.0974658,35,2,5,10,4,9,0,5,1,1,1,1,0.25,0.11111099999999999,0,0.0,0,11,0.2,0.45,0,0,0.0,0,0,0,0,0,0,8,0,1,2,6,0,2,2.5,1,0,118.5,0,2,0,0,1.16667,0,2
354,0.097561,25,1,2,8,2,8,0,2,0,0,0,0,0.0,0.0,0,0.0,0,11,0.1,0.4,0,0,0.0,0,0,0,0,0,0,3,0,0,1,3,0,1,3.0,1,0,124.0,0,2,0,0,1.0,0,1
355,0.0,63,2,18,8,10,8,0,18,8,0,5,0,0.8,0.0,9,2.77778,0,10,0.909091,0.727273,1,1,1.0,7,0,1,-1,10000000000,2,8,0,0,2,3,0,0,0.0,0,0,0.0,0,1,0,0,1.33333,0,2
356,0.0,68,2,20,8,10,8,0,20,10,0,5,0,1.0,0.0,10,2.7,0,10,0.909091,0.727273,1,1,1.0,8,0,1,-1,10000000000,2,9,0,0,2,4,0,0,0.0,0,0,0.0,0,2,0,0,1.25,0,2
357,100.0,57,1,16,8,8,8,0,16,8,0,5,0,1.0,0.0,8,2.875,0,10,0.727273,0.727273,1,1,1.0,6,0,0,-1,10000000000,2,6,0,0,1,2,0,0,0.0,0,0,0.0,0,2,0,0,1.5,0,2
358,99.805,69,2,19,14,8,13,0,19,11,1,3,1,1.375,0.07692310000000001,0,0.0,0,9,0.571429,0.9285709999999999,0,0,0.0,4,2,0,-1,10000000000,10,22,4,1,2,6,0,2,1.5,1,0,46.5,0,2,0,0,1.16667,0,2
359,0.0974658,37,2,7,12,6,11,0,7,1,1,1,1,0.166667,0.0909091,0,0.0,0,9,0.428571,0.785714,0,0,0.0,0,0,0,0,0,0,8,0,1,2,6,0,2,1.5,1,0,46.5,0,2,0,0,1.16667,0,2
360,0.0973707,59,3,15,14,6,12,0,15,9,2,3,2,1.5,0.166667,0,0.0,0,9,0.428571,0.857143,0,0,0.0,2,1,0,-1,10000000000,5,18,2,1,3,8,0,3,1.66667,1,0,37.6667,0,2,0,0,1.25,0,3
361,9.508860000000001e-05,43,3,9,13,5,11,0,9,4,2,2,1,0.8,0.181818,0,0.0,0,9,0.357143,0.785714,0,0,0.0,0,0,0,0,0,0,11,0,1,3,8,0,3,1.66667,1,0,37.6667,0,2,0,0,1.25,0,3
362,9.51814e-05,33,2,6,11,4,10,0,6,2,1,2,1,0.5,0.1,0,0.0,0,9,0.28571399999999997,0.714286,0,0,0.0,0,0,0,0,0,0,6,0,0,2,5,0,2,2.0,1,0,44.0,0,2,0,0,1.2,0,2
363,99.805,45,2,10,11,6,10,0,10,4,1,3,1,0.666667,0.1,0,0.0,0,10,0.352941,0.5882350000000001,0,0,0.0,2,1,1,-1,10000000000,3,12,1,1,2,6,0,2,1.5,1,0,25.5,0,2,0,0,1.16667,0,2
364,0.0974658,34,2,5,10,3,9,0,5,2,1,2,1,0.666667,0.11111099999999999,0,0.0,0,10,0.17647100000000002,0.529412,0,0,0.0,0,0,0,0,0,0,8,0,1,2,6,0,2,1.5,1,0,25.5,0,2,0,0,1.16667,0,2
365,0.09727569999999999,104,4,35,14,15,12,0,35,20,2,8,2,1.33333,0.166667,0,0.0,0,10,0.882353,0.705882,0,0,0.0,12,2,6,-1,10000000000,14,38,6,1,4,10,0,4,2.0,1,0,66.25,0,2,0,0,1.3,0,4
366,9.49958e-05,46,4,9,12,5,10,0,9,4,2,3,2,0.8,0.2,0,0.0,0,10,0.294118,0.5882350000000001,0,0,0.0,0,0,0,0,0,0,14,0,1,4,10,0,4,2.0,1,0,66.25,0,2,0,0,1.3,0,4
367,9.508860000000001e-05,40,3,7,11,3,9,0,7,4,2,2,1,1.33333,0.22222199999999998,0,0.0,0,10,0.17647100000000002,0.529412,0,0,0.0,0,0,0,0,0,0,11,0,1,3,8,0,3,2.33333,1,0,66.0,0,2,0,0,1.25,0,3
368,9.51814e-05,30,2,4,9,2,8,0,4,2,1,2,1,1.0,0.125,0,0.0,0,10,0.117647,0.470588,0,0,0.0,0,0,0,0,0,0,6,0,0,2,5,0,2,2.5,1,0,60.0,0,2,0,0,1.2,0,2
369,0.0,52,2,15,7,9,7,0,15,6,0,4,0,0.666667,0.0,7,2.8571400000000002,0,9,0.9,0.7,1,1,1.0,5,0,1,-1,10000000000,2,8,0,0,2,3,0,0,0.0,0,0,0.0,0,1,0,0,1.33333,0,2
370,0.0,57,2,17,7,9,7,0,17,8,0,4,0,0.8888889999999999,0.0,8,2.75,0,9,0.9,0.7,1,1,1.0,6,0,1,-1,10000000000,2,9,0,0,2,4,0,0,0.0,0,0,0.0,0,2,0,0,1.25,0,2
371,100.0,46,1,13,7,7,7,0,13,6,0,4,0,0.857143,0.0,6,3.0,0,9,0.7,0.7,1,1,1.0,4,0,0,-1,10000000000,2,6,0,0,1,2,0,0,0.0,0,0,0.0,0,2,0,0,1.5,0,2
372,99.805,51,2,13,12,7,11,0,13,6,1,3,1,0.857143,0.0909091,0,0.0,0,8,0.583333,0.916667,0,0,0.0,2,1,0,-1,10000000000,5,15,2,1,2,6,0,2,1.5,1,0,30.5,0,2,0,0,1.16667,0,2
373,0.0974658,35,2,7,11,6,10,0,7,1,1,1,1,0.166667,0.1,0,0.0,0,8,0.5,0.833333,0,0,0.0,0,0,0,0,0,0,8,0,1,2,6,0,2,1.5,1,0,30.5,0,2,0,0,1.16667,0,2
374,0.0973707,57,3,15,13,6,11,0,15,9,2,3,2,1.5,0.181818,0,0.0,0,8,0.5,0.916667,0,0,0.0,2,1,0,-1,10000000000,5,18,2,1,3,8,0,3,1.66667,1,0,32.3333,0,2,0,0,1.25,0,3
375,9.508860000000001e-05,41,3,9,12,5,10,0,9,4,2,2,1,0.8,0.2,0,0.0,0,8,0.416667,0.833333,0,0,0.0,0,0,0,0,0,0,11,0,1,3,8,0,3,1.66667,1,0,32.3333,0,2,0,0,1.25,0,3
376,9.51814e-05,31,2,6,10,4,9,0,6,2,1,2,1,0.5,0.11111099999999999,0,0.0,0,8,0.333333,0.75,0,0,0.0,0,0,0,0,0,0,6,0,0,2,5,0,2,2.0,1,0,36.0,0,2,0,0,1.2,0,2
377,99.805,43,2,10,10,6,9,0,10,4,1,3,1,0.666667,0.11111099999999999,0,0.0,0,9,0.461538,0.692308,0,0,0.0,2,1,1,-1,10000000000,3,12,1,1,2,6,0,2,1.5,1,0,25.5,0,2,0,0,1.16667,0,2
378,0.0974658,32,2,5,9,3,8,0,5,2,1,2,1,0.666667,0.125,0,0.0,0,9,0.230769,0.6153850000000001,0,0,0.0,0,0,0,0,0,0,8,0,1,2,6,0,2,1.5,1,0,25.5,0,2,0,0,1.16667,0,2
379,0.09727569999999999,73,4,22,12,11,10,0,22,11,2,5,2,1.0,0.2,0,0.0,0,9,0.8461540000000001,0.769231,0,0,0.0,6,1,3,-1,10000000000,7,26,3,1,4,10,0,4,2.0,1,0,44.5,0,2,0,0,1.3,0,4
380,9.49958e-05,44,4,9,11,5,9,0,9,4,2,3,2,0.8,0.22222199999999998,0,0.0,0,9,0.384615,0.692308,0,0,0.0,0,0,0,0,0,0,14,0,1,4,10,0,4,2.0,1,0,44.5,0,2,0,0,1.3,0,4
381,9.508860000000001e-05,38,3,7,10,3,8,0,7,4,2,2,1,1.33333,0.25,0,0.0,0,9,0.230769,0.6153850000000001,0,0,0.0,0,0,0,0,0,0,11,0,1,3,8,0,3,2.33333,1,0,46.6667,0,2,0,0,1.25,0,3
382,9.51814e-05,28,2,4,8,2,7,0,4,2,1,2,1,1.0,0.14285699999999998,0,0.0,0,9,0.153846,0.538462,0,0,0.0,0,0,0,0,0,0,6,0,0,2,5,0,2,2.5,1,0,45.5,0,2,0,0,1.2,0,2
383,0.0,33,2,8,5,5,5,0,8,3,0,2,0,0.6,0.0,5,1.8,0,5,0.833333,0.833333,1,1,1.0,3,0,1,-1,10000000000,0,6,0,0,2,3,0,0,0.0,0,0,0.0,0,1,0,0,1.33333,0,2
384,0.0,38,2,10,5,5,5,0,10,5,0,2,0,1.0,0.0,6,1.83333,0,5,0.833333,0.833333,1,1,1.0,4,0,1,-1,10000000000,0,7,0,0,2,4,0,0,0.0,0,0,0.0,0,2,0,0,1.25,0,2
385,100.0,27,1,6,5,3,5,0,6,3,0,2,0,1.0,0.0,4,1.75,0,5,0.5,0.833333,1,1,1.0,2,0,0,-1,10000000000,0,4,0,0,1,2,0,0,0.0,0,0,0.0,0,2,0,0,1.5,0,2
386,99.805,31,2,8,6,4,5,0,8,4,1,3,1,1.0,0.2,0,0.0,0,4,0.8,1.0,0,0,0.0,2,1,0,-1,10000000000,0,12,0,1,2,6,0,2,1.5,1,0,22.5,0,2,0,0,1.16667,0,2
387,0.0974658,23,2,5,5,3,4,0,5,2,1,2,1,0.666667,0.25,0,0.0,0,4,0.6,0.8,0,0,0.0,0,0,0,0,0,0,8,0,1,2,6,0,2,1.5,1,0,22.5,0,2,0,0,1.16667,0,2
388,0.097561,13,1,2,3,2,3,0,2,0,0,0,0,0.0,0.0,0,0.0,0,4,0.4,0.6,0,0,0.0,0,0,0,0,0,0,3,0,0,1,3,0,1,2.0,1,0,28.0,0,2,0,0,1.0,0,1
389,99.805,33,2,9,6,5,5,0,9,4,1,3,1,0.8,0.2,0,0.0,0,4,1.0,1.0,0,0,0.0,2,1,1,-1,10000000000,2,12,1,1,2,6,0,2,1.5,1,0,24.5,0,2,0,0,1.16667,0,2
390,0.0974658,23,2,5,5,3,4,0,5,2,1,2,1,0.666667,0.25,0,0.0,0,4,0.6,0.8,0,0,0.0,0,0,0,0,0,0,8,0,1,2,6,0,2,1.5,1,0,24.5,0,2,0,0,1.16667,0,2
391,0.097561,13,1,2,3,2,3,0,2,0,0,0,0,0.0,0.0,0,0.0,0,4,0.4,0.6,0,0,0.0,0,0,0,0,0,0,3,0,0,1,3,0,1,2.0,1,0,30.0,0,2,0,0,1.0,0,1
392,0.0,55,2,14,7,7,7,0,14,7,0,4,0,1.0,0.0,9,2.11111,0,7,0.875,0.875,1,1,1.0,7,0,1,-1,10000000000,0,6,0,0,2,3,0,0,0.0,0,0,0.0,0,1,0,0,1.33333,0,2
393,0.0,60,2,16,7,7,7,0,16,9,0,4,0,1.2857100000000001,0.0,10,2.1,0,7,0.875,0.875,1,1,1.0,8,0,1,-1,10000000000,0,7,0,0,2,4,0,0,0.0,0,0,0.0,0,2,0,0,1.25,0,2
394,100.0,49,1,12,7,5,7,0,12,7,0,4,0,1.4,0.0,8,2.125,0,7,0.625,0.875,1,1,1.0,6,0,0,-1,10000000000,0,4,0,0,1,2,0,0,0.0,0,0,0.0,0,2,0,0,1.5,0,2
395,99.95,58,2,17,10,6,9,0,17,11,1,3,1,1.83333,0.11111099999999999,0,0.0,0,6,0.666667,1.0,0,0,0.0,4,3,0,-1,10000000000,8,21,3,1,2,6,0,2,1.5,1,0,38.0,0,2,0,0,1.16667,0,2
396,0.0249875,42,2,11,9,5,8,0,11,6,1,2,1,1.2,0.125,0,0.0,0,6,0.555556,0.8888889999999999,0,0,0.0,2,2,0,-1,10000000000,3,14,1,1,2,6,0,2,1.5,1,0,38.0,0,2,0,0,1.16667,0,2
397,0.0249938,17,1,2,5,2,5,0,2,0,0,0,0,0.0,0.0,0,0.0,0,6,0.22222199999999998,0.555556,0,0,0.0,0,0,0,0,0,0,3,0,0,1,3,0,1,2.0,1,0,51.0,0,2,0,0,1.0,0,1
398,99.925,63,2,22,9,10,8,0,22,12,1,3,1,1.2,0.125,0,0.0,0,6,0.666667,0.533333,0,0,0.0,7,2,4,-1,10000000000,6,23,2,2,2,6,0,2,1.5,1,0,55.0,0,2,0,0,1.16667,0,2
399,0.049975,57,2,19,9,9,8,0,19,10,1,2,1,1.11111,0.125,0,0.0,0,6,0.6,0.533333,0,0,0.0,6,2,3,-1,10000000000,4,21,1,2,2,6,0,2,1.5,1,0,55.0,0,2,0,0,1.16667,0,2
400,0.0249938,17,1,2,5,2,5,0,2,0,0,0,0,0.0,0.0,0,0.0,0,6,0.13333299999999998,0.333333,0,0,0.0,0,0,0,0,0,0,3,0,0,1,3,0,1,2.0,1,0,75.0,0,2,0,0,1.0,0,1
401,0.0,46,2,12,6,7,6,0,12,5,0,3,0,0.714286,0.0,7,2.28571,0,7,0.875,0.75,1,1,1.0,5,0,1,-1,10000000000,1,6,0,0,2,3,0,0,0.0,0,0,0.0,0,1,0,0,1.33333,0,2
402,0.0,51,2,14,6,7,6,0,14,7,0,3,0,1.0,0.0,8,2.25,0,7,0.875,0.75,1,1,1.0,6,0,1,-1,10000000000,1,7,0,0,2,4,0,0,0.0,0,0,0.0,0,2,0,0,1.25,0,2
403,100.0,40,1,10,6,5,6,0,10,5,0,3,0,1.0,0.0,6,2.33333,0,7,0.625,0.75,1,1,1.0,4,0,0,-1,10000000000,1,4,0,0,1,2,0,0,0.0,0,0,0.0,0,2,0,0,1.5,0,2
404,99.805,61,2,18,10,6,9,0,18,12,1,3,1,2.0,0.11111099999999999,0,0.0,0,6,0.666667,1.0,0,0,0.0,4,2,0,-1,10000000000,10,22,4,1,2,6,0,2,1.5,1,0,46.5,0,2,0,0,1.16667,0,2
405,0.0974658,29,2,6,8,4,7,0,6,2,1,2,1,0.5,0.14285699999999998,0,0.0,0,6,0.44444399999999995,0.777778,0,0,0.0,0,0,0,0,0,0,8,0,1,2,6,0,2,1.5,1,0,46.5,0,2,0,0,1.16667,0,2
406,0.097561,19,1,3,6,3,6,0,3,0,0,0,0,0.0,0.0,0,0.0,0,6,0.333333,0.666667,0,0,0.0,0,0,0,0,0,0,3,0,0,1,3,0,1,2.0,1,0,52.0,0,2,0,0,1.0,0,1
407,99.6103,63,3,20,9,10,8,0,20,10,1,5,1,1.0,0.125,0,0.0,0,7,1.0,0.8,0,0,0.0,6,1,3,-1,10000000000,7,23,3,1,3,8,0,3,2.0,1,0,49.0,0,2,0,0,1.25,0,3
408,0.194551,34,3,7,8,4,7,0,7,3,1,3,1,0.75,0.14285699999999998,0,0.0,0,7,0.4,0.7,0,0,0.0,0,0,0,0,0,0,11,0,1,3,8,0,3,2.0,1,0,49.0,0,2,0,0,1.25,0,3
409,0.09746569999999999,28,2,5,7,3,6,0,5,2,1,2,1,0.666667,0.166667,0,0.0,0,7,0.3,0.6,0,0,0.0,0,0,0,0,0,0,8,0,1,2,6,0,2,2.5,1,0,54.5,0,2,0,0,1.16667,0,2
410,0.0976562,18,1,2,5,2,5,0,2,0,0,0,0,0.0,0.0,0,0.0,0,7,0.2,0.5,0,0,0.0,0,0,0,0,0,0,3,0,0,1,3,0,1,3.0,1,0,60.0,0,2,0,0,1.0,0,1
