,Counts,instcount,condcount,varassign,varstore,uniqload,uniqstore,globalvar,localvar,sameloadtot,samestoretot,sameloadvar,samestorevar,avgsameload,avgsamestore,functioncalls,avgFuncParam,recursiveCall,pointerAlloc,varUsed,varAssign,maxCallDepth,minCallDepth,avgCallDepth,arrayVars,arrayStore,arrayLoad,maxArraySize,minArraySize,floatTy,intTy,floatTyArith,intTyArith,intTyLog,basicBlocks,nullComp,loopCount,avgLoopDepth,avgLoopExits,loopHighInstCnt,avgBBLoops,condTrueLoops,eqCmp,tryBlock,catchBlock,avgPred,avgSucc,sideEnt
0,0,34,3,6,10,3,9,0,6,3,1,3,1,1.0,0.11111099999999999,4,2.0,0,4,0.230769,0.692308,1,1,1.0,0,0,0,0,0,0,11,0,0,3,7,0,1,1.0,1.0,0,22.0,0,3,0,0,2.0,0,8
1,0,36,3,6,11,3,9,0,6,3,2,3,2,1.0,0.22222199999999998,4,2.0,0,4,0.230769,0.692308,1,1,1.0,0,0,0,0,0,0,11,0,0,3,8,0,1,1.0,1.0,0,22.0,0,6,0,0,1.875,0,8
2,0,36,3,6,11,3,9,0,6,3,2,3,2,1.0,0.22222199999999998,4,2.0,0,4,0.230769,0.692308,1,1,1.0,0,0,0,0,0,0,11,0,0,3,8,0,1,1.0,1.0,0,22.0,0,9,0,0,1.875,0,8
3,0,36,3,6,11,3,9,0,6,3,2,3,2,1.0,0.22222199999999998,4,2.0,0,4,0.230769,0.692308,1,1,1.0,0,0,0,0,0,0,11,0,0,3,8,0,1,1.0,1.0,0,22.0,0,12,0,0,1.875,0,8
4,0,36,3,6,11,3,9,0,6,3,2,3,2,1.0,0.22222199999999998,4,2.0,0,4,0.230769,0.692308,1,1,1.0,0,0,0,0,0,0,11,0,0,3,8,0,1,1.0,1.0,0,22.0,0,15,0,0,1.875,0,8
5,0,36,3,6,11,3,9,0,6,3,2,3,2,1.0,0.22222199999999998,4,2.0,0,4,0.230769,0.692308,1,1,1.0,0,0,0,0,0,0,11,0,0,3,8,0,1,1.0,1.0,0,22.0,0,18,0,0,1.875,0,8
6,0,36,3,6,10,3,9,0,6,3,1,3,1,1.0,0.11111099999999999,5,2.0,0,4,0.230769,0.692308,1,1,1.0,0,0,0,0,0,0,12,0,0,3,8,0,1,1.0,1.0,0,22.0,0,21,0,0,1.875,0,8
7,0,51,6,5,13,5,13,2,3,0,0,0,0,0.0,0.0,12,0.75,0,4,0.384615,1.0,3,1,1.16667,0,0,0,0,0,0,16,0,0,6,11,0,1,1.0,1.0,0,22.0,0,27,0,0,1.27273,0,4
8,0,49,6,5,13,5,13,2,3,0,0,0,0,0.0,0.0,11,0.727273,0,4,0.384615,1.0,3,1,1.18182,0,0,0,0,0,0,15,0,0,6,10,0,1,1.0,1.0,0,22.0,0,33,0,0,1.3,0,4
9,0,45,5,4,13,4,13,1,3,0,0,0,0,0.0,0.0,10,0.8,0,4,0.307692,1.0,3,1,1.2,0,0,0,0,0,0,12,0,0,5,9,0,1,1.0,1.0,0,22.0,0,38,0,0,1.22222,0,3
10,0,49,6,5,13,5,13,2,3,0,0,0,0,0.0,0.0,11,0.636364,0,4,0.384615,1.0,3,1,1.18182,0,0,0,0,0,0,16,0,0,6,10,0,1,1.0,1.0,0,22.0,0,44,0,0,1.3,0,4
11,0,47,6,5,13,5,13,2,3,0,0,0,0,0.0,0.0,10,0.6,0,4,0.384615,1.0,3,1,1.2,0,0,0,0,0,0,15,0,0,6,9,0,1,1.0,1.0,0,22.0,0,50,0,0,1.33333,0,4
12,0,43,5,4,13,4,13,1,3,0,0,0,0,0.0,0.0,9,0.666667,0,4,0.307692,1.0,3,1,1.22222,0,0,0,0,0,0,12,0,0,5,8,0,1,1.0,1.0,0,22.0,0,55,0,0,1.25,0,3
13,0,34,3,6,10,3,9,0,6,3,1,3,1,1.0,0.11111099999999999,4,2.0,0,4,0.230769,0.692308,1,1,1.0,0,0,0,0,0,0,11,0,0,3,7,0,1,1.0,1.0,0,22.0,0,58,0,0,2.1428599999999998,0,9
14,0,36,3,6,11,3,9,0,6,3,2,3,2,1.0,0.22222199999999998,4,2.0,0,4,0.230769,0.692308,1,1,1.0,0,0,0,0,0,0,11,0,0,3,8,0,1,1.0,1.0,0,22.0,0,61,0,0,2.0,0,9
15,0,36,3,6,11,3,9,0,6,3,2,3,2,1.0,0.22222199999999998,4,2.0,0,4,0.230769,0.692308,1,1,1.0,0,0,0,0,0,0,11,0,0,3,8,0,1,1.0,1.0,0,22.0,0,64,0,0,2.0,0,9
16,0,36,3,6,11,3,9,0,6,3,2,3,2,1.0,0.22222199999999998,4,2.0,0,4,0.230769,0.692308,1,1,1.0,0,0,0,0,0,0,11,0,0,3,8,0,1,1.0,1.0,0,22.0,0,67,0,0,2.0,0,9
17,0,36,3,6,11,3,9,0,6,3,2,3,2,1.0,0.22222199999999998,4,2.0,0,4,0.230769,0.692308,1,1,1.0,0,0,0,0,0,0,11,0,0,3,8,0,1,1.0,1.0,0,22.0,0,70,0,0,2.0,0,9
18,0,36,3,6,11,3,9,0,6,3,2,3,2,1.0,0.22222199999999998,4,2.0,0,4,0.230769,0.692308,1,1,1.0,0,0,0,0,0,0,11,0,0,3,8,0,1,1.0,1.0,0,22.0,0,73,0,0,2.0,0,9
19,0,36,3,6,10,3,9,0,6,3,1,3,1,1.0,0.11111099999999999,5,2.0,0,4,0.230769,0.692308,1,1,1.0,0,0,0,0,0,0,12,0,0,3,8,0,1,1.0,1.0,0,22.0,0,76,0,0,2.0,0,9
20,0,51,6,5,13,5,13,2,3,0,0,0,0,0.0,0.0,12,0.75,0,4,0.384615,1.0,3,1,1.16667,0,0,0,0,0,0,16,0,0,6,11,0,1,1.0,1.0,0,22.0,0,82,0,0,1.36364,0,5
21,0,49,6,5,13,5,13,2,3,0,0,0,0,0.0,0.0,11,0.727273,0,4,0.384615,1.0,3,1,1.18182,0,0,0,0,0,0,15,0,0,6,10,0,1,1.0,1.0,0,22.0,0,88,0,0,1.4,0,5
22,0,45,5,4,13,4,13,1,3,0,0,0,0,0.0,0.0,10,0.8,0,4,0.307692,1.0,3,1,1.2,0,0,0,0,0,0,12,0,0,5,9,0,1,1.0,1.0,0,22.0,0,93,0,0,1.33333,0,4
23,0,49,6,5,13,5,13,2,3,0,0,0,0,0.0,0.0,11,0.636364,0,4,0.384615,1.0,3,1,1.18182,0,0,0,0,0,0,16,0,0,6,10,0,1,1.0,1.0,0,22.0,0,99,0,0,1.4,0,5
24,0,47,6,5,13,5,13,2,3,0,0,0,0,0.0,0.0,10,0.6,0,4,0.384615,1.0,3,1,1.2,0,0,0,0,0,0,15,0,0,6,9,0,1,1.0,1.0,0,22.0,0,105,0,0,1.44444,0,5
25,0,43,5,4,13,4,13,1,3,0,0,0,0,0.0,0.0,9,0.666667,0,4,0.307692,1.0,3,1,1.22222,0,0,0,0,0,0,12,0,0,5,8,0,1,1.0,1.0,0,22.0,0,110,0,0,1.375,0,4
26,0,31,2,6,10,3,9,0,6,3,1,3,1,1.0,0.11111099999999999,3,2.33333,0,4,0.230769,0.692308,1,1,1.0,0,0,0,0,0,0,9,0,0,2,6,0,1,1.0,1.0,0,22.0,0,112,0,0,2.33333,0,9
27,0,33,2,6,11,3,9,0,6,3,2,3,2,1.0,0.22222199999999998,3,2.33333,0,4,0.230769,0.692308,1,1,1.0,0,0,0,0,0,0,9,0,0,2,7,0,1,1.0,1.0,0,22.0,0,114,0,0,2.1428599999999998,0,9
28,0,33,2,6,11,3,9,0,6,3,2,3,2,1.0,0.22222199999999998,3,2.33333,0,4,0.230769,0.692308,1,1,1.0,0,0,0,0,0,0,9,0,0,2,7,0,1,1.0,1.0,0,22.0,0,116,0,0,2.1428599999999998,0,9
29,0,33,2,6,11,3,9,0,6,3,2,3,2,1.0,0.22222199999999998,3,2.33333,0,4,0.230769,0.692308,1,1,1.0,0,0,0,0,0,0,9,0,0,2,7,0,1,1.0,1.0,0,22.0,0,118,0,0,2.1428599999999998,0,9
30,0,33,2,6,11,3,9,0,6,3,2,3,2,1.0,0.22222199999999998,3,2.33333,0,4,0.230769,0.692308,1,1,1.0,0,0,0,0,0,0,9,0,0,2,7,0,1,1.0,1.0,0,22.0,0,120,0,0,2.1428599999999998,0,9
31,0,33,2,6,11,3,9,0,6,3,2,3,2,1.0,0.22222199999999998,3,2.33333,0,4,0.230769,0.692308,1,1,1.0,0,0,0,0,0,0,9,0,0,2,7,0,1,1.0,1.0,0,22.0,0,122,0,0,2.1428599999999998,0,9
32,0,33,2,6,10,3,9,0,6,3,1,3,1,1.0,0.11111099999999999,4,2.25,0,4,0.230769,0.692308,1,1,1.0,0,0,0,0,0,0,10,0,0,2,7,0,1,1.0,1.0,0,22.0,0,124,0,0,2.1428599999999998,0,9
33,0,48,5,5,13,5,13,2,3,0,0,0,0,0.0,0.0,11,0.727273,0,4,0.384615,1.0,3,1,1.18182,0,0,0,0,0,0,14,0,0,5,10,0,1,1.0,1.0,0,22.0,0,129,0,0,1.4,0,5
34,0,46,5,5,13,5,13,2,3,0,0,0,0,0.0,0.0,10,0.7,0,4,0.384615,1.0,3,1,1.2,0,0,0,0,0,0,13,0,0,5,9,0,1,1.0,1.0,0,22.0,0,134,0,0,1.44444,0,5
35,0,42,4,4,13,4,13,1,3,0,0,0,0,0.0,0.0,9,0.777778,0,4,0.307692,1.0,3,1,1.22222,0,0,0,0,0,0,10,0,0,4,8,0,1,1.0,1.0,0,22.0,0,138,0,0,1.375,0,4
36,0,46,5,5,13,5,13,2,3,0,0,0,0,0.0,0.0,10,0.6,0,4,0.384615,1.0,3,1,1.2,0,0,0,0,0,0,14,0,0,5,9,0,1,1.0,1.0,0,22.0,0,143,0,0,1.44444,0,5
37,1,44,5,5,13,5,13,2,3,0,0,0,0,0.0,0.0,9,0.555556,0,4,0.384615,1.0,3,1,1.22222,0,0,0,0,0,0,13,0,0,5,8,0,1,1.0,1.0,0,22.0,0,148,0,0,1.5,0,5
38,0,40,4,4,13,4,13,1,3,0,0,0,0,0.0,0.0,8,0.625,0,4,0.307692,1.0,3,1,1.25,0,0,0,0,0,0,10,0,0,4,7,0,1,1.0,1.0,0,22.0,0,152,0,0,1.4285700000000001,0,4
39,1,11,1,2,2,2,2,1,1,0,0,0,0,0.0,0.0,0,0.0,0,3,0.14285699999999998,0.14285699999999998,0,0,0.0,0,0,0,0,0,0,3,0,0,1,3,0,0,0.0,0.0,0,0.0,0,153,0,0,1.33333,0,2
40,0,59,5,12,10,9,5,8,4,3,5,2,1,0.333333,1.0,9,1.77778,0,3,0.642857,0.357143,2,1,1.11111,1,0,1,-1,10000000000,0,29,0,1,5,9,1,0,0.0,0.0,0,0.0,0,157,0,0,1.33333,0,4
41,0,61,5,13,9,10,4,10,3,3,5,2,1,0.3,1.25,10,1.9,0,3,0.714286,0.28571399999999997,1,1,1.0,2,0,2,-1,10000000000,0,30,0,1,5,8,1,0,0.0,0.0,0,0.0,0,161,0,0,1.125,0,2
42,0,47,4,7,9,7,4,6,1,0,5,0,1,0.0,1.25,8,1.75,0,3,0.5,0.28571399999999997,2,1,1.125,0,0,0,0,0,0,24,0,0,4,8,0,0,0.0,0.0,0,0.0,0,164,0,0,1.375,0,4
43,0,39,5,12,4,9,4,8,4,3,0,2,0,0.333333,0.0,2,1.5,0,3,0.642857,0.28571399999999997,2,1,1.5,1,0,1,-1,10000000000,0,17,0,1,5,8,1,0,0.0,0.0,0,0.0,0,168,0,0,1.375,0,4
44,0,41,5,13,3,10,3,10,3,3,0,2,0,0.3,0.0,3,2.0,0,3,0.714286,0.214286,1,1,1.0,2,0,2,-1,10000000000,0,18,0,1,5,7,1,0,0.0,0.0,0,0.0,0,172,0,0,1.14286,0,2
45,0,27,4,7,3,7,3,6,1,0,0,0,0,0.0,0.0,1,1.0,0,3,0.5,0.214286,2,2,2.0,0,0,0,0,0,0,12,0,0,4,7,0,0,0.0,0.0,0,0.0,0,175,0,0,1.4285700000000001,0,4
46,0,35,4,11,4,8,4,7,4,3,0,2,0,0.375,0.0,2,1.5,0,3,0.571429,0.28571399999999997,2,1,1.5,1,0,1,-1,10000000000,0,14,0,1,4,7,1,0,0.0,0.0,0,0.0,0,178,0,0,1.4285700000000001,0,4
47,0,37,4,12,3,9,3,9,3,3,0,2,0,0.333333,0.0,3,2.0,0,3,0.642857,0.214286,1,1,1.0,2,0,2,-1,10000000000,0,15,0,1,4,6,1,0,0.0,0.0,0,0.0,0,181,0,0,1.16667,0,2
48,1,23,3,6,3,6,3,5,1,0,0,0,0,0.0,0.0,1,1.0,0,3,0.428571,0.214286,2,2,2.0,0,0,0,0,0,0,9,0,0,3,6,0,0,0.0,0.0,0,0.0,0,183,0,0,1.5,0,4
49,1,9,1,2,3,2,3,1,1,0,0,0,0,0.0,0.0,0,0.0,0,1,0.666667,1.0,0,0,0.0,0,0,0,0,0,0,2,0,0,1,2,0,0,0.0,0.0,0,0.0,0,184,0,0,1.0,0,1
50,0,12,1,3,3,3,3,2,1,0,0,0,0,0.0,0.0,1,1.0,0,1,1.0,1.0,1,1,1.0,0,0,0,0,0,0,3,0,0,1,3,0,0,0.0,0.0,0,0.0,0,185,0,0,1.0,0,1
51,0,79,7,15,12,11,10,1,14,4,2,3,2,0.363636,0.2,9,1.44444,0,9,0.611111,0.555556,1,1,1.0,4,2,2,-1,10000000000,0,25,0,2,9,15,2,2,1.5,1.0,0,47.5,0,7,0,0,1.4,0,7
52,0,75,7,14,11,10,10,1,13,4,1,3,1,0.4,0.1,9,1.44444,0,9,0.555556,0.555556,1,1,1.0,4,2,2,-1,10000000000,0,23,0,1,9,14,2,2,1.5,1.0,0,47.5,0,14,0,0,1.4285700000000001,0,7
53,0,81,6,17,15,10,12,1,16,7,3,4,3,0.7,0.25,8,1.625,0,9,0.555556,0.666667,1,1,1.0,4,3,1,-1,10000000000,0,23,0,3,7,13,2,2,1.5,1.0,0,47.5,0,20,0,0,1.38462,0,6
54,0,76,6,14,12,11,10,1,13,3,2,3,2,0.272727,0.2,9,1.44444,0,9,0.611111,0.555556,1,1,1.0,4,2,2,-1,10000000000,0,23,0,2,8,14,2,2,1.5,1.0,0,47.5,0,26,0,0,1.4285700000000001,0,7
55,0,72,6,13,11,10,10,1,12,3,1,3,1,0.3,0.1,9,1.44444,0,9,0.555556,0.555556,1,1,1.0,4,2,2,-1,10000000000,0,21,0,1,8,13,2,2,1.5,1.0,0,47.5,0,32,0,0,1.46154,0,7
56,0,78,5,16,15,9,12,1,15,7,3,4,3,0.777778,0.25,8,1.625,0,9,0.5,0.666667,1,1,1.0,4,3,1,-1,10000000000,0,21,0,3,6,12,2,2,1.5,1.0,0,47.5,0,37,0,0,1.41667,0,6
57,0,67,5,15,8,8,7,4,11,7,1,7,1,0.875,0.14285699999999998,11,1.9090900000000002,0,9,0.44444399999999995,0.388889,1,1,1.0,2,1,1,-1,10000000000,0,21,0,3,6,11,2,1,2.0,1.0,0,64.0,0,41,0,0,1.36364,0,5
58,0,65,5,15,8,8,7,4,11,7,1,7,1,0.875,0.14285699999999998,10,1.9,0,9,0.44444399999999995,0.388889,1,1,1.0,2,1,1,-1,10000000000,0,21,0,3,6,10,2,1,2.0,1.0,0,64.0,0,45,0,0,1.4,0,5
59,0,77,7,15,12,11,10,1,14,4,2,3,2,0.363636,0.2,8,1.375,0,9,0.611111,0.555556,1,1,1.0,4,2,2,-1,10000000000,0,25,0,2,9,14,2,2,1.5,1.0,0,47.5,0,52,0,0,1.4285700000000001,0,7
60,0,73,7,14,11,10,10,1,13,4,1,3,1,0.4,0.1,8,1.375,0,9,0.555556,0.555556,1,1,1.0,4,2,2,-1,10000000000,0,23,0,1,9,13,2,2,1.5,1.0,0,47.5,0,59,0,0,1.46154,0,7
61,0,79,6,17,15,10,12,1,16,7,3,4,3,0.7,0.25,7,1.5714299999999999,0,9,0.555556,0.666667,1,1,1.0,4,3,1,-1,10000000000,0,23,0,3,7,12,2,2,1.5,1.0,0,47.5,0,65,0,0,1.41667,0,6
62,0,74,6,14,12,11,10,1,13,3,2,3,2,0.272727,0.2,8,1.375,0,9,0.611111,0.555556,1,1,1.0,4,2,2,-1,10000000000,0,23,0,2,8,13,2,2,1.5,1.0,0,47.5,0,71,0,0,1.46154,0,7
63,0,70,6,13,11,10,10,1,12,3,1,3,1,0.3,0.1,8,1.375,0,9,0.555556,0.555556,1,1,1.0,4,2,2,-1,10000000000,0,21,0,1,8,12,2,2,1.5,1.0,0,47.5,0,77,0,0,1.5,0,7
64,0,76,5,16,15,9,12,1,15,7,3,4,3,0.777778,0.25,7,1.5714299999999999,0,9,0.5,0.666667,1,1,1.0,4,3,1,-1,10000000000,0,21,0,3,6,11,2,2,1.5,1.0,0,47.5,0,82,0,0,1.45455,0,6
65,0,65,5,15,8,8,7,4,11,7,1,7,1,0.875,0.14285699999999998,10,1.9,0,9,0.44444399999999995,0.388889,1,1,1.0,2,1,1,-1,10000000000,0,21,0,3,6,10,2,1,2.0,1.0,0,64.0,0,86,0,0,1.4,0,5
66,0,63,5,15,8,8,7,4,11,7,1,7,1,0.875,0.14285699999999998,9,1.8888900000000002,0,9,0.44444399999999995,0.388889,1,1,1.0,2,1,1,-1,10000000000,0,21,0,3,6,9,2,1,2.0,1.0,0,64.0,0,90,0,0,1.44444,0,5
67,0,77,7,15,12,11,10,1,14,4,2,3,2,0.363636,0.2,8,1.375,0,9,0.611111,0.555556,1,1,1.0,4,2,2,-1,10000000000,0,25,0,2,9,14,2,2,1.5,1.0,0,47.5,0,97,0,0,1.4285700000000001,0,7
68,0,73,7,14,11,10,10,1,13,4,1,3,1,0.4,0.1,8,1.375,0,9,0.555556,0.555556,1,1,1.0,4,2,2,-1,10000000000,0,23,0,1,9,13,2,2,1.5,1.0,0,47.5,0,104,0,0,1.46154,0,7
69,0,79,6,17,15,10,12,1,16,7,3,4,3,0.7,0.25,7,1.5714299999999999,0,9,0.555556,0.666667,1,1,1.0,4,3,1,-1,10000000000,0,23,0,3,7,12,2,2,1.5,1.0,0,47.5,0,110,0,0,1.41667,0,6
70,0,74,6,14,12,11,10,1,13,3,2,3,2,0.272727,0.2,8,1.375,0,9,0.611111,0.555556,1,1,1.0,4,2,2,-1,10000000000,0,23,0,2,8,13,2,2,1.5,1.0,0,47.5,0,116,0,0,1.46154,0,7
71,0,70,6,13,11,10,10,1,12,3,1,3,1,0.3,0.1,8,1.375,0,9,0.555556,0.555556,1,1,1.0,4,2,2,-1,10000000000,0,21,0,1,8,12,2,2,1.5,1.0,0,47.5,0,122,0,0,1.5,0,7
72,0,76,5,16,15,9,12,1,15,7,3,4,3,0.777778,0.25,7,1.5714299999999999,0,9,0.5,0.666667,1,1,1.0,4,3,1,-1,10000000000,0,21,0,3,6,11,2,2,1.5,1.0,0,47.5,0,127,0,0,1.45455,0,6
73,0,65,5,15,8,8,7,4,11,7,1,7,1,0.875,0.14285699999999998,10,1.9,0,9,0.44444399999999995,0.388889,1,1,1.0,2,1,1,-1,10000000000,0,21,0,3,6,10,2,1,2.0,1.0,0,64.0,0,131,0,0,1.4,0,5
74,0,63,5,15,8,8,7,4,11,7,1,7,1,0.875,0.14285699999999998,9,1.8888900000000002,0,9,0.44444399999999995,0.388889,1,1,1.0,2,1,1,-1,10000000000,0,21,0,3,6,9,2,1,2.0,1.0,0,64.0,0,135,0,0,1.44444,0,5
75,0,75,7,15,12,11,10,1,14,4,2,3,2,0.363636,0.2,7,1.2857100000000001,0,9,0.611111,0.555556,1,1,1.0,4,2,2,-1,10000000000,0,25,0,2,9,13,2,2,1.5,1.0,0,47.5,0,142,0,0,1.46154,0,7
76,0,71,7,14,11,10,10,1,13,4,1,3,1,0.4,0.1,7,1.2857100000000001,0,9,0.555556,0.555556,1,1,1.0,4,2,2,-1,10000000000,0,23,0,1,9,12,2,2,1.5,1.0,0,47.5,0,149,0,0,1.5,0,7
77,0,77,6,17,15,10,12,1,16,7,3,4,3,0.7,0.25,6,1.5,0,9,0.555556,0.666667,1,1,1.0,4,3,1,-1,10000000000,0,23,0,3,7,11,2,2,1.5,1.0,0,47.5,0,155,0,0,1.45455,0,6
78,0,72,6,14,12,11,10,1,13,3,2,3,2,0.272727,0.2,7,1.2857100000000001,0,9,0.611111,0.555556,1,1,1.0,4,2,2,-1,10000000000,0,23,0,2,8,12,2,2,1.5,1.0,0,47.5,0,161,0,0,1.5,0,7
79,0,68,6,13,11,10,10,1,12,3,1,3,1,0.3,0.1,7,1.2857100000000001,0,9,0.555556,0.555556,1,1,1.0,4,2,2,-1,10000000000,0,21,0,1,8,11,2,2,1.5,1.0,0,47.5,0,167,0,0,1.54545,0,7
80,0,74,5,16,15,9,12,1,15,7,3,4,3,0.777778,0.25,6,1.5,0,9,0.5,0.666667,1,1,1.0,4,3,1,-1,10000000000,0,21,0,3,6,10,2,2,1.5,1.0,0,47.5,0,172,0,0,1.5,0,6
81,0,63,5,15,8,8,7,4,11,7,1,7,1,0.875,0.14285699999999998,9,1.8888900000000002,0,9,0.44444399999999995,0.388889,1,1,1.0,2,1,1,-1,10000000000,0,21,0,3,6,9,2,1,2.0,1.0,0,64.0,0,176,0,0,1.44444,0,5
82,0,61,5,15,8,8,7,4,11,7,1,7,1,0.875,0.14285699999999998,8,1.875,0,9,0.44444399999999995,0.388889,1,1,1.0,2,1,1,-1,10000000000,0,21,0,3,6,8,2,1,2.0,1.0,0,64.0,0,180,0,0,1.5,0,5
83,0,77,7,15,12,11,10,1,14,4,2,3,2,0.363636,0.2,8,1.375,0,9,0.611111,0.555556,1,1,1.0,4,2,2,-1,10000000000,0,25,0,2,9,14,2,2,1.5,1.0,0,47.5,0,187,0,0,1.4285700000000001,0,7
84,0,73,7,14,11,10,10,1,13,4,1,3,1,0.4,0.1,8,1.375,0,9,0.555556,0.555556,1,1,1.0,4,2,2,-1,10000000000,0,23,0,1,9,13,2,2,1.5,1.0,0,47.5,0,194,0,0,1.46154,0,7
85,0,79,6,17,15,10,12,1,16,7,3,4,3,0.7,0.25,7,1.5714299999999999,0,9,0.555556,0.666667,1,1,1.0,4,3,1,-1,10000000000,0,23,0,3,7,12,2,2,1.5,1.0,0,47.5,0,200,0,0,1.41667,0,6
86,0,74,6,14,12,11,10,1,13,3,2,3,2,0.272727,0.2,8,1.375,0,9,0.611111,0.555556,1,1,1.0,4,2,2,-1,10000000000,0,23,0,2,8,13,2,2,1.5,1.0,0,47.5,0,206,0,0,1.46154,0,7
87,0,70,6,13,11,10,10,1,12,3,1,3,1,0.3,0.1,8,1.375,0,9,0.555556,0.555556,1,1,1.0,4,2,2,-1,10000000000,0,21,0,1,8,12,2,2,1.5,1.0,0,47.5,0,212,0,0,1.5,0,7
88,0,76,5,16,15,9,12,1,15,7,3,4,3,0.777778,0.25,7,1.5714299999999999,0,9,0.5,0.666667,1,1,1.0,4,3,1,-1,10000000000,0,21,0,3,6,11,2,2,1.5,1.0,0,47.5,0,217,0,0,1.45455,0,6
89,0,65,5,15,8,8,7,4,11,7,1,7,1,0.875,0.14285699999999998,10,1.9,0,9,0.44444399999999995,0.388889,1,1,1.0,2,1,1,-1,10000000000,0,21,0,3,6,10,2,1,2.0,1.0,0,64.0,0,221,0,0,1.4,0,5
90,0,63,5,15,8,8,7,4,11,7,1,7,1,0.875,0.14285699999999998,9,1.8888900000000002,0,9,0.44444399999999995,0.388889,1,1,1.0,2,1,1,-1,10000000000,0,21,0,3,6,9,2,1,2.0,1.0,0,64.0,0,225,0,0,1.44444,0,5
91,0,75,7,15,12,11,10,1,14,4,2,3,2,0.363636,0.2,7,1.2857100000000001,0,9,0.611111,0.555556,1,1,1.0,4,2,2,-1,10000000000,0,25,0,2,9,13,2,2,1.5,1.0,0,47.5,0,232,0,0,1.46154,0,7
92,0,71,7,14,11,10,10,1,13,4,1,3,1,0.4,0.1,7,1.2857100000000001,0,9,0.555556,0.555556,1,1,1.0,4,2,2,-1,10000000000,0,23,0,1,9,12,2,2,1.5,1.0,0,47.5,0,239,0,0,1.5,0,7
93,0,77,6,17,15,10,12,1,16,7,3,4,3,0.7,0.25,6,1.5,0,9,0.555556,0.666667,1,1,1.0,4,3,1,-1,10000000000,0,23,0,3,7,11,2,2,1.5,1.0,0,47.5,0,245,0,0,1.45455,0,6
94,0,72,6,14,12,11,10,1,13,3,2,3,2,0.272727,0.2,7,1.2857100000000001,0,9,0.611111,0.555556,1,1,1.0,4,2,2,-1,10000000000,0,23,0,2,8,12,2,2,1.5,1.0,0,47.5,0,251,0,0,1.5,0,7
95,0,68,6,13,11,10,10,1,12,3,1,3,1,0.3,0.1,7,1.2857100000000001,0,9,0.555556,0.555556,1,1,1.0,4,2,2,-1,10000000000,0,21,0,1,8,11,2,2,1.5,1.0,0,47.5,0,257,0,0,1.54545,0,7
96,0,74,5,16,15,9,12,1,15,7,3,4,3,0.777778,0.25,6,1.5,0,9,0.5,0.666667,1,1,1.0,4,3,1,-1,10000000000,0,21,0,3,6,10,2,2,1.5,1.0,0,47.5,0,262,0,0,1.5,0,6
97,0,63,5,15,8,8,7,4,11,7,1,7,1,0.875,0.14285699999999998,9,1.8888900000000002,0,9,0.44444399999999995,0.388889,1,1,1.0,2,1,1,-1,10000000000,0,21,0,3,6,9,2,1,2.0,1.0,0,64.0,0,266,0,0,1.44444,0,5
98,0,61,5,15,8,8,7,4,11,7,1,7,1,0.875,0.14285699999999998,8,1.875,0,9,0.44444399999999995,0.388889,1,1,1.0,2,1,1,-1,10000000000,0,21,0,3,6,8,2,1,2.0,1.0,0,64.0,0,270,0,0,1.5,0,5
99,0,75,7,15,12,11,10,1,14,4,2,3,2,0.363636,0.2,7,1.2857100000000001,0,9,0.611111,0.555556,1,1,1.0,4,2,2,-1,10000000000,0,25,0,2,9,13,2,2,1.5,1.0,0,47.5,0,277,0,0,1.46154,0,7
100,0,71,7,14,11,10,10,1,13,4,1,3,1,0.4,0.1,7,1.2857100000000001,0,9,0.555556,0.555556,1,1,1.0,4,2,2,-1,10000000000,0,23,0,1,9,12,2,2,1.5,1.0,0,47.5,0,284,0,0,1.5,0,7
101,0,77,6,17,15,10,12,1,16,7,3,4,3,0.7,0.25,6,1.5,0,9,0.555556,0.666667,1,1,1.0,4,3,1,-1,10000000000,0,23,0,3,7,11,2,2,1.5,1.0,0,47.5,0,290,0,0,1.45455,0,6
102,0,72,6,14,12,11,10,1,13,3,2,3,2,0.272727,0.2,7,1.2857100000000001,0,9,0.611111,0.555556,1,1,1.0,4,2,2,-1,10000000000,0,23,0,2,8,12,2,2,1.5,1.0,0,47.5,0,296,0,0,1.5,0,7
103,0,68,6,13,11,10,10,1,12,3,1,3,1,0.3,0.1,7,1.2857100000000001,0,9,0.555556,0.555556,1,1,1.0,4,2,2,-1,10000000000,0,21,0,1,8,11,2,2,1.5,1.0,0,47.5,0,302,0,0,1.54545,0,7
104,0,74,5,16,15,9,12,1,15,7,3,4,3,0.777778,0.25,6,1.5,0,9,0.5,0.666667,1,1,1.0,4,3,1,-1,10000000000,0,21,0,3,6,10,2,2,1.5,1.0,0,47.5,0,307,0,0,1.5,0,6
105,0,63,5,15,8,8,7,4,11,7,1,7,1,0.875,0.14285699999999998,9,1.8888900000000002,0,9,0.44444399999999995,0.388889,1,1,1.0,2,1,1,-1,10000000000,0,21,0,3,6,9,2,1,2.0,1.0,0,64.0,0,311,0,0,1.44444,0,5
106,0,61,5,15,8,8,7,4,11,7,1,7,1,0.875,0.14285699999999998,8,1.875,0,9,0.44444399999999995,0.388889,1,1,1.0,2,1,1,-1,10000000000,0,21,0,3,6,8,2,1,2.0,1.0,0,64.0,0,315,0,0,1.5,0,5
107,0,73,7,15,12,11,10,1,14,4,2,3,2,0.363636,0.2,6,1.16667,0,9,0.611111,0.555556,1,1,1.0,4,2,2,-1,10000000000,0,25,0,2,9,12,2,2,1.5,1.0,0,47.5,0,322,0,0,1.5,0,7
108,0,69,7,14,11,10,10,1,13,4,1,3,1,0.4,0.1,6,1.16667,0,9,0.555556,0.555556,1,1,1.0,4,2,2,-1,10000000000,0,23,0,1,9,11,2,2,1.5,1.0,0,47.5,0,329,0,0,1.54545,0,7
109,0,75,6,17,15,10,12,1,16,7,3,4,3,0.7,0.25,5,1.4,0,9,0.555556,0.666667,1,1,1.0,4,3,1,-1,10000000000,0,23,0,3,7,10,2,2,1.5,1.0,0,47.5,0,335,0,0,1.5,0,6
110,0,70,6,14,12,11,10,1,13,3,2,3,2,0.272727,0.2,6,1.16667,0,9,0.611111,0.555556,1,1,1.0,4,2,2,-1,10000000000,0,23,0,2,8,11,2,2,1.5,1.0,0,47.5,0,341,0,0,1.54545,0,7
111,0,66,6,13,11,10,10,1,12,3,1,3,1,0.3,0.1,6,1.16667,0,9,0.555556,0.555556,1,1,1.0,4,2,2,-1,10000000000,0,21,0,1,8,10,2,2,1.5,1.0,0,47.5,0,347,0,0,1.6,0,7
112,0,72,5,16,15,9,12,1,15,7,3,4,3,0.777778,0.25,5,1.4,0,9,0.5,0.666667,1,1,1.0,4,3,1,-1,10000000000,0,21,0,3,6,9,2,2,1.5,1.0,0,47.5,0,352,0,0,1.55556,0,6
113,0,61,5,15,8,8,7,4,11,7,1,7,1,0.875,0.14285699999999998,8,1.875,0,9,0.44444399999999995,0.388889,1,1,1.0,2,1,1,-1,10000000000,0,21,0,3,6,8,2,1,2.0,1.0,0,64.0,0,356,0,0,1.5,0,5
114,0,59,5,15,8,8,7,4,11,7,1,7,1,0.875,0.14285699999999998,7,1.8571400000000002,0,9,0.44444399999999995,0.388889,1,1,1.0,2,1,1,-1,10000000000,0,21,0,3,6,7,2,1,2.0,1.0,0,64.0,0,360,0,0,1.5714299999999999,0,5
115,2,47,2,9,7,7,4,1,8,2,3,1,3,0.28571399999999997,0.75,5,3.2,0,7,0.318182,0.181818,1,1,1.0,4,2,2,-1,10000000000,0,18,0,3,3,5,0,1,1.0,1.0,0,34.0,0,362,0,0,1.2,0,2
116,0,32,2,5,4,5,3,0,5,0,1,0,1,0.0,0.333333,4,3.75,0,7,0.227273,0.136364,1,1,1.0,2,1,1,-1,10000000000,0,9,0,0,3,4,0,1,1.0,1.0,0,34.0,0,364,0,0,1.25,0,2
117,0,45,3,7,9,4,7,0,7,3,2,1,2,0.75,0.28571399999999997,3,5.0,0,7,0.181818,0.318182,1,1,1.0,4,2,1,-1,10000000000,0,13,0,1,3,8,0,2,1.5,1.0,0,74.0,0,366,0,0,1.25,0,3
118,0,59,4,11,12,7,9,0,11,4,3,2,3,0.571429,0.333333,3,5.0,0,7,0.318182,0.409091,1,1,1.0,6,2,2,-1,10000000000,0,21,0,1,5,9,0,3,1.33333,1.0,0,55.0,0,368,0,0,1.22222,0,3
119,0,126,7,32,20,12,14,0,32,20,6,5,5,1.66667,0.428571,4,4.25,0,7,0.545455,0.636364,1,1,1.0,16,7,5,-1,10000000000,0,62,0,5,11,16,0,3,1.33333,1.0,0,55.0,0,371,0,0,1.375,0,7
120,0,120,7,30,19,12,14,0,30,18,5,5,4,1.5,0.357143,4,4.25,0,7,0.545455,0.636364,1,1,1.0,16,7,5,-1,10000000000,0,58,0,5,10,15,0,3,1.33333,1.0,0,55.0,0,374,0,0,1.4,0,7
121,0,124,7,32,20,12,14,0,32,20,6,5,5,1.66667,0.428571,3,5.0,0,7,0.545455,0.636364,1,1,1.0,16,7,5,-1,10000000000,0,62,0,5,11,15,0,3,1.33333,1.0,0,55.0,0,377,0,0,1.4,0,7
122,0,118,7,30,19,12,14,0,30,18,5,5,4,1.5,0.357143,3,5.0,0,7,0.545455,0.636364,1,1,1.0,16,7,5,-1,10000000000,0,58,0,5,10,14,0,3,1.33333,1.0,0,55.0,0,380,0,0,1.4285700000000001,0,7
123,0,117,6,31,18,12,14,0,31,19,4,5,4,1.58333,0.28571399999999997,3,5.0,0,7,0.545455,0.636364,1,1,1.0,16,7,5,-1,10000000000,0,59,0,4,10,13,0,3,1.33333,1.0,0,55.0,0,383,0,0,1.38462,0,6
124,0,111,6,29,17,12,14,0,29,17,3,5,3,1.41667,0.214286,3,5.0,0,7,0.545455,0.636364,1,1,1.0,16,7,5,-1,10000000000,0,55,0,4,9,12,0,3,1.33333,1.0,0,55.0,0,386,0,0,1.41667,0,6
125,0,29,2,3,7,3,6,0,3,0,1,0,1,0.0,0.166667,3,5.0,0,7,0.136364,0.272727,1,1,1.0,1,1,0,-1,10000000000,0,5,0,0,2,5,0,2,1.5,1.0,0,74.0,0,387,0,0,1.2,0,2
126,0,12,1,3,1,2,1,1,2,1,0,1,0,0.5,0.0,2,1.5,0,1,1.0,0.5,1,1,1.0,0,0,0,0,0,0,2,0,0,1,3,1,0,0.0,0.0,0,0.0,0,388,0,0,1.0,0,1
127,313,9,1,2,1,1,1,0,2,1,0,1,0,1.0,0.0,1,1.0,0,1,0.5,0.5,1,1,1.0,0,0,0,0,0,0,1,0,0,1,2,1,0,0.0,0.0,0,0.0,0,389,0,0,1.0,0,1
128,1661,5,0,1,1,1,1,0,1,0,0,0,0,0.0,0.0,1,2.0,0,1,1.0,1.0,1,1,1.0,0,0,0,0,0,0,1,0,0,0,1,0,0,0.0,0.0,0,0.0,0,389,0,0,0.0,0,0
129,0,22,2,6,3,4,3,2,4,2,0,2,0,0.5,0.0,1,2.0,0,2,0.666667,0.5,1,1,1.0,1,0,1,-1,10000000000,0,6,0,1,2,5,1,0,0.0,0.0,0,0.0,0,390,0,0,1.2,0,2
130,0,32,2,8,4,5,4,4,4,3,0,1,0,0.6,0.0,2,1.0,0,2,0.833333,0.666667,2,1,1.5,3,1,2,-1,10000000000,0,12,0,3,2,5,1,0,0.0,0.0,0,0.0,0,391,0,0,1.2,0,2
131,165,20,2,6,3,4,3,2,4,2,0,2,0,0.5,0.0,0,0.0,0,2,0.666667,0.5,0,0,0.0,1,0,1,-1,10000000000,0,6,0,1,2,4,1,0,0.0,0.0,0,0.0,0,392,0,0,1.25,0,2
132,313,30,2,8,4,5,4,4,4,3,0,1,0,0.6,0.0,1,0.0,0,2,0.833333,0.666667,2,2,2.0,3,1,2,-1,10000000000,0,12,0,3,2,4,1,0,0.0,0.0,0,0.0,0,393,0,0,1.25,0,2
133,23673,51,3,11,7,8,5,0,11,3,2,1,2,0.375,0.4,3,2.0,0,6,0.44444399999999995,0.277778,1,1,1.0,5,2,3,26,26,0,21,0,2,4,6,0,1,1.0,2.0,0,41.0,0,395,0,0,1.33333,0,3
134,19734,53,3,12,8,9,5,0,12,3,3,1,3,0.333333,0.6,3,2.0,0,6,0.5,0.277778,1,1,1.0,5,2,3,26,26,0,23,0,3,4,5,0,1,1.0,2.0,0,41.0,0,397,0,0,1.2,0,2
135,26,32,2,6,5,6,4,0,6,0,1,0,1,0.0,0.25,2,2.5,0,6,0.333333,0.22222199999999998,1,1,1.0,2,1,1,26,26,0,9,0,0,3,4,0,1,1.0,2.0,0,41.0,0,399,0,0,1.25,0,2
136,252,42,2,9,8,6,5,0,9,3,3,1,2,0.5,0.6,1,5.0,0,6,0.333333,0.277778,1,1,1.0,3,2,2,26,26,0,15,0,2,2,6,0,2,1.0,1.5,0,30.0,0,400,0,0,1.33333,0,3
137,9,74,3,19,12,10,8,0,19,9,4,3,2,0.9,0.5,3,3.33333,0,6,0.555556,0.44444399999999995,3,1,1.66667,11,4,4,26,26,0,25,0,1,5,8,0,3,1.0,1.33333,0,30.6667,0,401,0,0,1.375,0,4
138,0,46,3,10,10,6,7,0,10,4,3,3,2,0.666667,0.428571,3,3.33333,0,6,0.333333,0.388889,3,1,1.66667,4,3,0,26,26,0,8,0,0,3,7,0,3,1.0,1.33333,0,30.6667,0,402,0,0,1.5714299999999999,0,5
139,1,37,3,14,3,8,2,4,10,6,1,2,1,0.75,0.5,1,1.0,0,1,0.727273,0.181818,4,4,4.0,4,1,2,-1,10000000000,0,15,0,1,3,6,0,1,1.0,1.0,0,39.0,0,403,0,0,1.33333,0,3
140,0,44,4,17,3,9,2,5,12,8,1,3,1,0.8888889999999999,0.5,1,1.0,0,1,0.818182,0.181818,4,4,4.0,5,1,3,-1,10000000000,0,19,0,1,4,7,0,1,1.0,1.0,0,39.0,0,405,0,0,1.4285700000000001,0,4
141,1,40,4,16,3,9,2,5,11,7,1,3,1,0.777778,0.5,0,0.0,0,1,0.818182,0.181818,0,0,0.0,4,1,3,-1,10000000000,0,19,0,1,4,6,0,1,1.0,1.0,0,39.0,0,407,0,0,1.33333,0,3
142,0,35,3,13,3,8,2,3,10,5,1,1,1,0.625,0.5,1,1.0,0,1,0.727273,0.181818,4,4,4.0,4,1,2,-1,10000000000,0,13,0,0,3,6,0,1,1.0,1.0,0,39.0,0,409,0,0,1.5,0,4
143,0,31,3,12,3,8,2,3,9,4,1,1,1,0.5,0.5,0,0.0,0,1,0.727273,0.181818,0,0,0.0,3,1,2,-1,10000000000,0,13,0,0,3,5,0,1,1.0,1.0,0,39.0,0,411,0,0,1.4,0,3
144,0,13,1,5,2,5,2,3,2,0,0,0,0,0.0,0.0,1,3.0,0,1,0.454545,0.181818,1,1,1.0,0,0,0,0,0,0,4,0,0,1,3,0,1,1.0,1.0,0,39.0,0,412,0,0,1.0,0,1
145,418,19,1,6,2,4,1,1,5,2,1,1,1,0.5,1.0,1,1.0,0,1,1.0,0.25,2,2,2.0,2,0,2,-1,10000000000,0,7,0,1,1,4,0,1,1.0,1.0,0,16.0,0,412,0,0,1.0,0,1
146,141,9,1,2,1,2,1,1,1,0,0,0,0,0.0,0.0,1,1.0,0,1,0.5,0.25,1,1,1.0,0,0,0,0,0,0,4,0,0,1,3,0,1,1.0,1.0,0,16.0,0,412,0,0,1.0,0,1
147,824,82,3,25,10,19,8,1,24,6,2,4,2,0.315789,0.25,0,0.0,0,8,0.575758,0.24242399999999997,0,0,0.0,16,3,9,2,2,0,32,0,1,6,7,0,2,1.0,1.0,0,72.5,0,414,0,0,1.5714299999999999,0,5
148,0,96,4,30,11,22,9,1,29,8,2,5,2,0.363636,0.22222199999999998,0,0.0,0,8,0.666667,0.272727,0,0,0.0,20,4,11,2,2,0,38,0,2,8,8,0,2,1.0,1.0,0,72.5,0,417,0,0,1.5,0,5
149,39,112,5,38,13,24,11,1,37,14,2,7,1,0.583333,0.181818,0,0.0,0,8,0.727273,0.333333,0,0,0.0,22,4,13,2,2,0,44,0,2,10,9,0,2,1.0,1.0,0,72.5,0,421,0,0,1.44444,0,5
150,10,141,6,47,18,27,12,6,41,20,6,10,4,0.740741,0.5,1,3.0,1,8,0.818182,0.363636,4,4,4.0,27,6,14,2,2,0,59,0,6,11,11,0,2,1.0,1.0,0,72.5,0,426,0,0,1.45455,0,6
151,2,132,6,43,16,27,12,5,38,16,4,9,4,0.592593,0.333333,1,0.0,0,8,0.818182,0.363636,3,3,3.0,25,5,14,2,2,0,56,0,6,11,11,0,2,1.0,1.0,0,72.5,0,431,0,0,1.45455,0,6
152,10,62,2,17,7,14,6,1,16,3,1,2,1,0.214286,0.166667,0,0.0,0,8,0.424242,0.181818,0,0,0.0,11,1,7,2,2,0,26,0,0,4,6,0,2,1.0,1.0,0,72.5,0,432,0,0,1.66667,0,5
153,1787,59,1,16,8,13,6,1,15,3,2,1,2,0.230769,0.333333,0,0.0,0,8,0.393939,0.181818,0,0,0.0,11,1,7,2,2,0,27,0,1,3,3,0,1,1.0,1.0,0,41.0,0,433,0,0,1.0,0,1
154,55,19,1,6,2,6,2,0,6,0,0,0,0,0.0,0.0,0,0.0,0,2,0.6,0.2,0,0,0.0,2,0,2,-1,10000000000,0,8,0,0,1,3,0,0,0.0,0.0,0,0.0,0,433,0,0,1.0,0,1
155,157,31,2,12,2,10,2,0,12,2,0,2,0,0.2,0.0,0,0.0,0,2,1.0,0.2,0,0,0.0,4,0,4,-1,10000000000,0,16,0,0,2,3,0,0,0.0,0.0,0,0.0,0,434,0,0,1.0,0,1
156,2,17,1,4,3,1,2,0,4,3,1,1,1,3.0,0.5,0,0.0,0,1,0.25,0.5,0,0,0.0,1,1,0,-1,10000000000,0,8,0,1,1,4,0,1,1.0,1.0,0,14.0,0,434,0,0,1.0,0,1
157,0,27,2,7,3,3,1,2,5,4,2,2,1,1.33333,2.0,3,2.66667,0,1,0.75,0.25,1,1,1.0,1,0,1,-1,10000000000,0,13,0,2,2,6,0,2,1.0,1.0,0,15.0,0,434,0,0,1.16667,0,2
158,0,17,2,4,2,2,1,2,2,2,1,2,1,1.0,1.0,3,2.66667,0,1,0.5,0.25,1,1,1.0,0,0,0,0,0,0,6,0,0,2,5,0,2,1.0,1.0,0,15.0,0,434,0,0,1.2,0,2
159,1,15,2,3,1,3,1,2,1,0,0,0,0,0.0,0.0,4,1.0,0,1,1.0,0.333333,1,1,1.0,0,0,0,0,0,0,5,0,0,2,4,1,0,0.0,0.0,0,0.0,0,436,0,0,1.0,0,1
160,3,15,2,4,1,3,1,2,2,1,0,1,0,0.333333,0.0,3,1.0,0,1,1.0,0.333333,1,1,1.0,0,0,0,0,0,0,5,0,0,2,4,1,0,0.0,0.0,0,0.0,0,438,0,0,1.0,0,1
161,0,13,2,3,1,3,1,2,1,0,0,0,0,0.0,0.0,3,1.0,0,1,1.0,0.333333,1,1,1.0,0,0,0,0,0,0,4,0,0,2,3,1,0,0.0,0.0,0,0.0,0,440,0,0,1.0,0,1
162,0,13,2,4,1,3,1,2,2,1,0,1,0,0.333333,0.0,2,1.0,0,1,1.0,0.333333,1,1,1.0,0,0,0,0,0,0,4,0,0,2,3,1,0,0.0,0.0,0,0.0,0,442,0,0,1.0,0,1
163,0,50,5,11,6,8,5,1,10,3,1,2,1,0.375,0.2,8,1.125,0,3,0.6153850000000001,0.384615,2,1,1.25,3,0,3,-1,10000000000,0,19,0,0,6,10,1,1,1.0,1.0,0,44.0,0,447,0,0,1.5,0,6
164,0,52,6,11,5,7,5,0,11,4,0,3,0,0.571429,0.0,7,0.857143,0,3,0.538462,0.384615,2,1,1.2857100000000001,3,0,3,-1,10000000000,0,19,0,0,7,12,1,1,1.0,1.0,0,44.0,0,453,0,0,1.5,0,7
165,0,54,7,12,5,8,5,1,11,4,0,3,0,0.5,0.0,8,0.875,0,3,0.6153850000000001,0.384615,5,1,1.875,3,0,3,-1,10000000000,0,21,0,0,8,11,1,1,1.0,1.0,0,44.0,0,460,0,0,1.45455,0,6
166,0,57,8,13,5,9,5,2,11,4,0,3,0,0.44444399999999995,0.0,8,0.875,0,3,0.692308,0.384615,5,1,1.875,3,0,3,-1,10000000000,0,23,0,0,9,12,1,1,1.0,1.0,0,44.0,0,468,0,0,1.41667,0,6
167,0,66,9,13,6,9,6,2,11,4,0,3,0,0.44444399999999995,0.0,11,1.0,1,3,0.692308,0.461538,5,1,2.0,3,0,3,-1,10000000000,0,25,0,0,10,16,1,1,1.0,1.0,0,44.0,0,477,0,0,1.4375,0,8
168,0,64,9,13,6,9,6,2,11,4,0,3,0,0.44444399999999995,0.0,10,0.8,0,3,0.692308,0.461538,5,1,1.8,3,0,3,-1,10000000000,0,25,0,0,10,15,1,1,1.0,1.0,0,44.0,0,486,0,0,1.4666700000000001,0,8
169,0,34,4,7,5,4,5,0,7,3,0,2,0,0.75,0.0,5,1.2,0,3,0.307692,0.384615,2,1,1.4,2,0,2,-1,10000000000,0,9,0,0,4,8,1,1,1.0,1.0,0,44.0,0,490,0,0,1.5,0,5
170,0,44,5,9,5,7,5,1,8,2,0,1,0,0.28571399999999997,0.0,7,1.14286,0,3,0.538462,0.384615,2,1,1.2857100000000001,2,0,2,-1,10000000000,0,18,0,0,6,9,1,1,1.0,1.0,0,44.0,0,495,0,0,1.55556,0,6
171,0,46,6,9,4,6,4,0,9,3,0,2,0,0.5,0.0,6,0.833333,0,3,0.461538,0.307692,2,1,1.33333,2,0,2,-1,10000000000,0,18,0,0,7,11,1,1,1.0,1.0,0,44.0,0,501,0,0,1.54545,0,7
172,0,48,7,10,4,7,4,1,9,3,0,2,0,0.428571,0.0,7,0.857143,0,3,0.538462,0.307692,5,1,2.0,2,0,2,-1,10000000000,0,20,0,0,8,10,1,1,1.0,1.0,0,44.0,0,508,0,0,1.5,0,6
173,0,51,8,11,4,8,4,2,9,3,0,2,0,0.375,0.0,7,0.857143,0,3,0.6153850000000001,0.307692,5,1,2.0,2,0,2,-1,10000000000,0,22,0,0,9,11,1,1,1.0,1.0,0,44.0,0,516,0,0,1.45455,0,6
174,0,60,9,11,5,8,5,2,9,3,0,2,0,0.375,0.0,10,1.0,1,3,0.6153850000000001,0.384615,5,1,2.1,2,0,2,-1,10000000000,0,24,0,0,10,15,1,1,1.0,1.0,0,44.0,0,525,0,0,1.4666700000000001,0,8
175,0,58,9,11,5,8,5,2,9,3,0,2,0,0.375,0.0,9,0.777778,0,3,0.6153850000000001,0.384615,5,1,1.8888900000000002,2,0,2,-1,10000000000,0,24,0,0,10,14,1,1,1.0,1.0,0,44.0,0,534,0,0,1.5,0,8
176,0,28,4,5,4,3,4,0,5,2,0,1,0,0.666667,0.0,4,1.25,0,3,0.230769,0.307692,2,1,1.5,1,0,1,-1,10000000000,0,8,0,0,4,7,1,1,1.0,1.0,0,44.0,0,538,0,0,1.5714299999999999,0,5
177,0,48,5,11,6,8,5,1,10,3,1,2,1,0.375,0.2,7,1.0,0,3,0.6153850000000001,0.384615,2,1,1.2857100000000001,3,0,3,-1,10000000000,0,19,0,0,6,9,1,1,1.0,1.0,0,44.0,0,543,0,0,1.55556,0,6
178,0,50,6,11,5,7,5,0,11,4,0,3,0,0.571429,0.0,6,0.666667,0,3,0.538462,0.384615,2,1,1.33333,3,0,3,-1,10000000000,0,19,0,0,7,11,1,1,1.0,1.0,0,44.0,0,549,0,0,1.54545,0,7
179,0,52,7,12,5,8,5,1,11,4,0,3,0,0.5,0.0,7,0.714286,0,3,0.6153850000000001,0.384615,5,1,2.0,3,0,3,-1,10000000000,0,21,0,0,8,10,1,1,1.0,1.0,0,44.0,0,556,0,0,1.5,0,6
180,0,55,8,13,5,9,5,2,11,4,0,3,0,0.44444399999999995,0.0,7,0.714286,0,3,0.692308,0.384615,5,1,2.0,3,0,3,-1,10000000000,0,23,0,0,9,11,1,1,1.0,1.0,0,44.0,0,564,0,0,1.45455,0,6
181,0,64,9,13,6,9,6,2,11,4,0,3,0,0.44444399999999995,0.0,10,0.9,1,3,0.692308,0.461538,5,1,2.1,3,0,3,-1,10000000000,0,25,0,0,10,15,1,1,1.0,1.0,0,44.0,0,573,0,0,1.4666700000000001,0,8
182,0,62,9,13,6,9,6,2,11,4,0,3,0,0.44444399999999995,0.0,9,0.666667,0,3,0.692308,0.461538,5,1,1.8888900000000002,3,0,3,-1,10000000000,0,25,0,0,10,14,1,1,1.0,1.0,0,44.0,0,582,0,0,1.5,0,8
183,0,32,4,7,5,4,5,0,7,3,0,2,0,0.75,0.0,4,1.0,0,3,0.307692,0.384615,2,1,1.5,2,0,2,-1,10000000000,0,9,0,0,4,7,1,1,1.0,1.0,0,44.0,0,586,0,0,1.5714299999999999,0,5
184,0,42,5,9,5,7,5,1,8,2,0,1,0,0.28571399999999997,0.0,6,1.0,0,3,0.538462,0.384615,2,1,1.33333,2,0,2,-1,10000000000,0,18,0,0,6,8,1,1,1.0,1.0,0,44.0,0,591,0,0,1.625,0,6
185,0,44,6,9,4,6,4,0,9,3,0,2,0,0.5,0.0,5,0.6,0,3,0.461538,0.307692,2,1,1.4,2,0,2,-1,10000000000,0,18,0,0,7,10,1,1,1.0,1.0,0,44.0,0,597,0,0,1.6,0,7
186,0,46,7,10,4,7,4,1,9,3,0,2,0,0.428571,0.0,6,0.666667,0,3,0.538462,0.307692,5,1,2.16667,2,0,2,-1,10000000000,0,20,0,0,8,9,1,1,1.0,1.0,0,44.0,0,604,0,0,1.55556,0,6
187,0,49,8,11,4,8,4,2,9,3,0,2,0,0.375,0.0,6,0.666667,0,3,0.6153850000000001,0.307692,5,1,2.16667,2,0,2,-1,10000000000,0,22,0,0,9,10,1,1,1.0,1.0,0,44.0,0,612,0,0,1.5,0,6
188,0,58,9,11,5,8,5,2,9,3,0,2,0,0.375,0.0,9,0.8888889999999999,1,3,0.6153850000000001,0.384615,5,1,2.22222,2,0,2,-1,10000000000,0,24,0,0,10,14,1,1,1.0,1.0,0,44.0,0,621,0,0,1.5,0,8
189,0,56,9,11,5,8,5,2,9,3,0,2,0,0.375,0.0,8,0.625,0,3,0.6153850000000001,0.384615,5,1,2.0,2,0,2,-1,10000000000,0,24,0,0,10,13,1,1,1.0,1.0,0,44.0,0,630,0,0,1.53846,0,8
190,0,26,4,5,4,3,4,0,5,2,0,1,0,0.666667,0.0,3,1.0,0,3,0.230769,0.307692,2,1,1.66667,1,0,1,-1,10000000000,0,8,0,0,4,6,1,1,1.0,1.0,0,44.0,0,634,0,0,1.66667,0,5
191,0,45,4,10,6,8,5,1,9,2,1,2,1,0.25,0.2,7,1.0,0,3,0.6153850000000001,0.384615,2,1,1.2857100000000001,3,0,3,-1,10000000000,0,17,0,0,5,8,1,1,1.0,1.0,0,44.0,0,638,0,0,1.625,0,6
192,0,47,5,10,5,7,5,0,10,3,0,3,0,0.428571,0.0,6,0.666667,0,3,0.538462,0.384615,2,1,1.33333,3,0,3,-1,10000000000,0,17,0,0,6,10,1,1,1.0,1.0,0,44.0,0,643,0,0,1.6,0,7
193,0,49,6,11,5,8,5,1,10,3,0,3,0,0.375,0.0,7,0.714286,0,3,0.6153850000000001,0.384615,5,1,2.0,3,0,3,-1,10000000000,0,19,0,0,7,9,1,1,1.0,1.0,0,44.0,0,649,0,0,1.55556,0,6
194,0,52,7,12,5,9,5,2,10,3,0,3,0,0.333333,0.0,7,0.714286,0,3,0.692308,0.384615,5,1,2.0,3,0,3,-1,10000000000,0,21,0,0,8,10,1,1,1.0,1.0,0,44.0,0,656,0,0,1.5,0,6
195,0,61,8,12,6,9,6,2,10,3,0,3,0,0.333333,0.0,10,0.9,1,3,0.692308,0.461538,5,1,2.1,3,0,3,-1,10000000000,0,23,0,0,9,14,1,1,1.0,1.0,0,44.0,0,664,0,0,1.5,0,8
196,0,59,8,12,6,9,6,2,10,3,0,3,0,0.333333,0.0,9,0.666667,0,3,0.692308,0.461538,5,1,1.8888900000000002,3,0,3,-1,10000000000,0,23,0,0,9,13,1,1,1.0,1.0,0,44.0,0,672,0,0,1.53846,0,8
197,0,29,3,6,5,4,5,0,6,2,0,2,0,0.5,0.0,4,1.0,0,3,0.307692,0.384615,2,1,1.5,2,0,2,-1,10000000000,0,7,0,0,3,6,1,1,1.0,1.0,0,44.0,0,675,0,0,1.66667,0,5
198,0,39,4,8,5,7,5,1,7,1,0,1,0,0.14285699999999998,0.0,6,1.0,0,3,0.538462,0.384615,2,1,1.33333,2,0,2,-1,10000000000,0,16,0,0,5,7,1,1,1.0,1.0,0,44.0,0,679,0,0,1.71429,0,6
199,0,41,5,8,4,6,4,0,8,2,0,2,0,0.333333,0.0,5,0.6,0,3,0.461538,0.307692,2,1,1.4,2,0,2,-1,10000000000,0,16,0,0,6,9,1,1,1.0,1.0,0,44.0,0,684,0,0,1.66667,0,7
200,0,43,6,9,4,7,4,1,8,2,0,2,0,0.28571399999999997,0.0,6,0.666667,0,3,0.538462,0.307692,5,1,2.16667,2,0,2,-1,10000000000,0,18,0,0,7,8,1,1,1.0,1.0,0,44.0,0,690,0,0,1.625,0,6
201,0,46,7,10,4,8,4,2,8,2,0,2,0,0.25,0.0,6,0.666667,0,3,0.6153850000000001,0.307692,5,1,2.16667,2,0,2,-1,10000000000,0,20,0,0,8,9,1,1,1.0,1.0,0,44.0,0,697,0,0,1.55556,0,6
202,0,55,8,10,5,8,5,2,8,2,0,2,0,0.25,0.0,9,0.8888889999999999,1,3,0.6153850000000001,0.384615,5,1,2.22222,2,0,2,-1,10000000000,0,22,0,0,9,13,1,1,1.0,1.0,0,44.0,0,705,0,0,1.53846,0,8
203,0,53,8,10,5,8,5,2,8,2,0,2,0,0.25,0.0,8,0.625,0,3,0.6153850000000001,0.384615,5,1,2.0,2,0,2,-1,10000000000,0,22,0,0,9,12,1,1,1.0,1.0,0,44.0,0,713,0,0,1.58333,0,8
204,0,23,3,4,4,3,4,0,4,1,0,1,0,0.333333,0.0,3,1.0,0,3,0.230769,0.307692,2,1,1.66667,1,0,1,-1,10000000000,0,6,0,0,3,5,1,1,1.0,1.0,0,44.0,0,716,0,0,1.8,0,5
205,0,16,1,2,2,2,2,1,1,0,0,0,0,0.0,0.0,2,1.5,0,7,0.0909091,0.0909091,1,1,1.0,0,0,0,0,0,0,3,0,0,1,2,0,0,0.0,0.0,0,0.0,0,1,0,0,0.5,0,0
206,0,44,3,8,6,5,5,2,6,3,1,2,1,0.6,0.2,7,1.0,0,7,0.227273,0.227273,1,1,1.0,2,1,1,-1,10000000000,1,12,0,3,3,8,0,2,1.5,3.0,0,38.5,0,3,0,0,1.25,0,3
207,0,80,7,21,6,13,5,4,17,8,1,4,1,0.6153850000000001,0.2,11,1.54545,0,7,0.590909,0.227273,1,1,1.0,1,0,1,-1,10000000000,12,20,3,2,7,18,4,2,1.5,3.0,0,38.5,0,9,0,0,1.33333,0,7
208,0,98,8,27,9,16,7,4,23,11,2,6,2,0.6875,0.28571399999999997,12,1.83333,0,7,0.727273,0.318182,1,1,1.0,4,1,3,-1,10000000000,12,22,3,2,8,22,5,3,1.33333,2.33333,0,30.3333,0,16,0,0,1.31818,0,8
209,0,105,9,29,10,16,7,4,25,13,3,7,2,0.8125,0.428571,13,2.07692,0,7,0.727273,0.318182,1,1,1.0,4,1,3,-1,10000000000,12,23,3,2,9,24,6,4,1.25,2.0,0,26.25,0,24,0,0,1.33333,0,9
210,0,97,9,25,8,14,6,4,21,11,2,7,2,0.785714,0.333333,15,1.93333,0,7,0.636364,0.272727,1,1,1.0,1,0,1,-1,10000000000,12,22,3,2,9,23,6,4,1.25,2.0,0,26.25,0,32,0,0,1.3478299999999999,0,9
211,0,77,7,20,6,13,5,4,16,7,1,3,1,0.538462,0.2,10,1.6,0,7,0.590909,0.227273,1,1,1.0,1,0,1,-1,10000000000,12,19,3,2,7,17,4,2,1.5,3.0,0,38.5,0,38,0,0,1.35294,0,7
212,0,95,8,26,9,16,7,4,22,10,2,5,2,0.625,0.28571399999999997,11,1.9090900000000002,0,7,0.727273,0.318182,1,1,1.0,4,1,3,-1,10000000000,12,21,3,2,8,21,5,3,1.33333,2.33333,0,30.3333,0,45,0,0,1.33333,0,8
213,0,102,9,28,10,16,7,4,24,12,3,6,2,0.75,0.428571,12,2.16667,0,7,0.727273,0.318182,1,1,1.0,4,1,3,-1,10000000000,12,22,3,2,9,23,6,4,1.25,2.0,0,26.25,0,53,0,0,1.3478299999999999,0,9
214,0,94,9,24,8,14,6,4,20,10,2,6,2,0.714286,0.333333,14,2.0,0,7,0.636364,0.272727,1,1,1.0,1,0,1,-1,10000000000,12,21,3,2,9,22,6,4,1.25,2.0,0,26.25,0,61,0,0,1.36364,0,9
215,0,75,7,19,6,13,5,3,16,6,1,3,1,0.461538,0.2,10,1.4,0,7,0.590909,0.227273,1,1,1.0,1,0,1,-1,10000000000,10,19,3,2,7,17,4,2,1.5,3.0,0,38.5,0,67,0,0,1.35294,0,7
216,0,93,8,25,9,16,7,3,22,9,2,5,2,0.5625,0.28571399999999997,11,1.72727,0,7,0.727273,0.318182,1,1,1.0,4,1,3,-1,10000000000,10,21,3,2,8,21,5,3,1.33333,2.33333,0,30.3333,0,74,0,0,1.33333,0,8
217,0,100,9,27,10,16,7,3,24,11,3,6,2,0.6875,0.428571,12,2.0,0,7,0.727273,0.318182,1,1,1.0,4,1,3,-1,10000000000,10,22,3,2,9,23,6,4,1.25,2.0,0,26.25,0,82,0,0,1.3478299999999999,0,9
218,0,92,9,23,8,14,6,3,20,9,2,6,2,0.642857,0.333333,14,1.8571400000000002,0,7,0.636364,0.272727,1,1,1.0,1,0,1,-1,10000000000,10,21,3,2,9,22,6,4,1.25,2.0,0,26.25,0,90,0,0,1.36364,0,9
219,0,72,7,18,6,13,5,3,15,5,1,2,1,0.384615,0.2,9,1.44444,0,7,0.590909,0.227273,1,1,1.0,1,0,1,-1,10000000000,10,18,3,2,7,16,4,2,1.5,3.0,0,38.5,0,96,0,0,1.375,0,7
220,0,90,8,24,9,16,7,3,21,8,2,4,2,0.5,0.28571399999999997,10,1.8,0,7,0.727273,0.318182,1,1,1.0,4,1,3,-1,10000000000,10,20,3,2,8,20,5,3,1.33333,2.33333,0,30.3333,0,103,0,0,1.35,0,8
221,0,97,9,26,10,16,7,3,23,10,3,5,2,0.625,0.428571,11,2.09091,0,7,0.727273,0.318182,1,1,1.0,4,1,3,-1,10000000000,10,21,3,2,9,22,6,4,1.25,2.0,0,26.25,0,111,0,0,1.36364,0,9
222,0,89,9,22,8,14,6,3,19,8,2,5,2,0.571429,0.333333,13,1.92308,0,7,0.636364,0.272727,1,1,1.0,1,0,1,-1,10000000000,10,20,3,2,9,21,6,4,1.25,2.0,0,26.25,0,119,0,0,1.38095,0,9
223,0,50,7,10,4,9,4,2,8,1,0,1,0,0.11111099999999999,0.0,7,1.5714299999999999,0,7,0.409091,0.181818,1,1,1.0,1,0,1,-1,10000000000,0,13,0,2,7,12,4,2,1.5,3.0,0,38.5,0,125,0,0,1.33333,0,5
224,0,47,6,9,4,8,4,2,7,1,0,1,0,0.125,0.0,7,1.5714299999999999,0,7,0.363636,0.181818,1,1,1.0,1,0,1,-1,10000000000,0,12,0,2,6,11,3,2,1.5,3.0,0,38.5,0,130,0,0,1.36364,0,5
225,0,43,5,8,4,7,4,2,6,1,0,1,0,0.14285699999999998,0.0,7,1.5714299999999999,0,7,0.318182,0.181818,1,1,1.0,1,0,1,-1,10000000000,0,11,0,2,5,9,2,2,1.5,3.0,0,38.5,0,134,0,0,1.33333,0,4
226,0,40,4,7,4,6,4,2,5,1,0,1,0,0.166667,0.0,7,1.5714299999999999,0,7,0.272727,0.181818,1,1,1.0,1,0,1,-1,10000000000,0,10,0,2,4,8,1,2,1.5,3.0,0,38.5,0,137,0,0,1.375,0,4
227,0,24,2,4,2,4,2,1,3,0,0,0,0,0.0,0.0,4,1.25,0,7,0.181818,0.0909091,1,1,1.0,1,0,1,-1,10000000000,0,5,0,1,2,3,0,0,0.0,0.0,0,0.0,0,139,0,0,0.666667,0,0
